Tanggal,Tahun,Bulan,Tanggal_Kalender,Hari_dalam_Minggu,Libur_Nasional,Weekend,Total_Pendapatan
2022-01-02,2022,1,2,Minggu,Libur,Akhir Pekan,2699000
2022-01-03,2022,1,3,Senin,Tidak Libur,Hari Kerja,6618500
2022-01-04,2022,1,4,Selasa,Tidak Libur,Hari Kerja,6625500
2022-01-05,2022,1,5,Rabu,Tidak Libur,Hari Kerja,6451000
2022-01-06,2022,1,6,Kamis,Tidak Libur,Hari Kerja,6649000
2022-01-07,2022,1,7,Jumat,Tidak Libur,Hari Kerja,9191667
2022-01-08,2022,1,8,Sabtu,Tidak Libur,Akhir Pekan,11734333
2022-01-09,2022,1,9,Minggu,Libur,Akhir Pekan,14277000
2022-01-10,2022,1,10,Senin,Tidak Libur,Hari Kerja,6663500
2022-01-11,2022,1,11,Selasa,Tidak Libur,Hari Kerja,6837000
2022-01-12,2022,1,12,Rabu,Tidak Libur,Hari Kerja,6807000
2022-01-13,2022,1,13,Kamis,Tidak Libur,Hari Kerja,6893500
2022-01-14,2022,1,14,Jumat,Tidak Libur,Hari Kerja,9374500
2022-01-15,2022,1,15,Sabtu,Tidak Libur,Akhir Pekan,11855500
2022-01-16,2022,1,16,Minggu,Libur,Akhir Pekan,14336500
2022-01-17,2022,1,17,Senin,Tidak Libur,Hari Kerja,6760500
2022-01-18,2022,1,18,Selasa,Tidak Libur,Hari Kerja,6755000
2022-01-19,2022,1,19,Rabu,Tidak Libur,Hari Kerja,6673500
2022-01-20,2022,1,20,Kamis,Tidak Libur,Hari Kerja,6798000
2022-01-21,2022,1,21,Jumat,Tidak Libur,Hari Kerja,9295833
2022-01-22,2022,1,22,Sabtu,Tidak Libur,Akhir Pekan,11793667
2022-01-23,2022,1,23,Minggu,Libur,Akhir Pekan,14291500
2022-01-24,2022,1,24,Senin,Tidak Libur,Hari Kerja,6557500
2022-01-25,2022,1,25,Selasa,Tidak Libur,Hari Kerja,6848000
2022-01-26,2022,1,26,Rabu,Tidak Libur,Hari Kerja,6726000
2022-01-27,2022,1,27,Kamis,Tidak Libur,Hari Kerja,6748500
2022-01-28,2022,1,28,Jumat,Tidak Libur,Hari Kerja,9291333
2022-01-29,2022,1,29,Sabtu,Tidak Libur,Akhir Pekan,11834167
2022-01-30,2022,1,30,Minggu,Libur,Akhir Pekan,14377000
2022-01-31,2022,1,31,Senin,Tidak Libur,Hari Kerja,6736000
2022-02-01,2022,2,1,Selasa,Libur,Hari Kerja,2843000
2022-02-02,2022,2,2,Rabu,Tidak Libur,Hari Kerja,6760000
2022-02-03,2022,2,3,Kamis,Tidak Libur,Hari Kerja,6808000
2022-02-04,2022,2,4,Jumat,Tidak Libur,Hari Kerja,9376500
2022-02-05,2022,2,5,Sabtu,Tidak Libur,Akhir Pekan,11945000
2022-02-06,2022,2,6,Minggu,Libur,Akhir Pekan,14513500
2022-02-07,2022,2,7,Senin,Tidak Libur,Hari Kerja,6722500
2022-02-08,2022,2,8,Selasa,Tidak Libur,Hari Kerja,6551000
2022-02-09,2022,2,9,Rabu,Tidak Libur,Hari Kerja,6638000
2022-02-10,2022,2,10,Kamis,Tidak Libur,Hari Kerja,6810000
2022-02-11,2022,2,11,Jumat,Tidak Libur,Hari Kerja,9348500
2022-02-12,2022,2,12,Sabtu,Tidak Libur,Akhir Pekan,11887000
2022-02-13,2022,2,13,Minggu,Libur,Akhir Pekan,14425500
2022-02-14,2022,2,14,Senin,Tidak Libur,Hari Kerja,6751500
2022-02-15,2022,2,15,Selasa,Tidak Libur,Hari Kerja,6890000
2022-02-16,2022,2,16,Rabu,Tidak Libur,Hari Kerja,6847000
2022-02-17,2022,2,17,Kamis,Tidak Libur,Hari Kerja,6885500
2022-02-18,2022,2,18,Jumat,Tidak Libur,Hari Kerja,9454667
2022-02-19,2022,2,19,Sabtu,Tidak Libur,Akhir Pekan,12023833
2022-02-20,2022,2,20,Minggu,Libur,Akhir Pekan,14593000
2022-02-21,2022,2,21,Senin,Tidak Libur,Hari Kerja,6663500
2022-02-22,2022,2,22,Selasa,Tidak Libur,Hari Kerja,6396000
2022-02-23,2022,2,23,Rabu,Tidak Libur,Hari Kerja,6540500
2022-02-24,2022,2,24,Kamis,Tidak Libur,Hari Kerja,6556000
2022-02-25,2022,2,25,Jumat,Tidak Libur,Hari Kerja,9403375
2022-02-26,2022,2,26,Sabtu,Tidak Libur,Akhir Pekan,12250750
2022-02-27,2022,2,27,Minggu,Libur,Akhir Pekan,15098125
2022-02-28,2022,2,28,Senin,Libur,Hari Kerja,17945500
2022-03-01,2022,3,1,Selasa,Tidak Libur,Hari Kerja,6648000
2022-03-02,2022,3,2,Rabu,Tidak Libur,Hari Kerja,8827750
2022-03-03,2022,3,3,Kamis,Libur,Hari Kerja,11007500
2022-03-04,2022,3,4,Jumat,Tidak Libur,Hari Kerja,12153000
2022-03-05,2022,3,5,Sabtu,Tidak Libur,Akhir Pekan,13298500
2022-03-06,2022,3,6,Minggu,Libur,Akhir Pekan,14444000
2022-03-07,2022,3,7,Senin,Tidak Libur,Hari Kerja,6764000
2022-03-08,2022,3,8,Selasa,Tidak Libur,Hari Kerja,6801500
2022-03-09,2022,3,9,Rabu,Tidak Libur,Hari Kerja,6759500
2022-03-10,2022,3,10,Kamis,Tidak Libur,Hari Kerja,6784000
2022-03-11,2022,3,11,Jumat,Tidak Libur,Hari Kerja,9336833
2022-03-12,2022,3,12,Sabtu,Tidak Libur,Akhir Pekan,11889667
2022-03-13,2022,3,13,Minggu,Libur,Akhir Pekan,14442500
2022-03-14,2022,3,14,Senin,Tidak Libur,Hari Kerja,6609000
2022-03-15,2022,3,15,Selasa,Tidak Libur,Hari Kerja,6642000
2022-03-16,2022,3,16,Rabu,Tidak Libur,Hari Kerja,6777500
2022-03-17,2022,3,17,Kamis,Tidak Libur,Hari Kerja,6799000
2022-03-18,2022,3,18,Jumat,Tidak Libur,Hari Kerja,9371167
2022-03-19,2022,3,19,Sabtu,Tidak Libur,Akhir Pekan,11943333
2022-03-20,2022,3,20,Minggu,Libur,Akhir Pekan,14515500
2022-03-21,2022,3,21,Senin,Tidak Libur,Hari Kerja,6770500
2022-03-22,2022,3,22,Selasa,Tidak Libur,Hari Kerja,6709500
2022-03-23,2022,3,23,Rabu,Tidak Libur,Hari Kerja,6795500
2022-03-24,2022,3,24,Kamis,Tidak Libur,Hari Kerja,6766000
2022-03-25,2022,3,25,Jumat,Tidak Libur,Hari Kerja,9346167
2022-03-26,2022,3,26,Sabtu,Tidak Libur,Akhir Pekan,11926333
2022-03-27,2022,3,27,Minggu,Libur,Akhir Pekan,14506500
2022-03-28,2022,3,28,Senin,Tidak Libur,Hari Kerja,6808500
2022-03-29,2022,3,29,Selasa,Tidak Libur,Hari Kerja,6794000
2022-03-30,2022,3,30,Rabu,Tidak Libur,Hari Kerja,6821500
2022-03-31,2022,3,31,Kamis,Tidak Libur,Hari Kerja,6838000
2022-04-01,2022,4,1,Jumat,Tidak Libur,Hari Kerja,9273667
2022-04-02,2022,4,2,Sabtu,Tidak Libur,Akhir Pekan,11709333
2022-04-03,2022,4,3,Minggu,Libur,Akhir Pekan,14145000
2022-04-04,2022,4,4,Senin,Tidak Libur,Hari Kerja,6250500
2022-04-05,2022,4,5,Selasa,Tidak Libur,Hari Kerja,6309000
2022-04-06,2022,4,6,Rabu,Tidak Libur,Hari Kerja,6308000
2022-04-07,2022,4,7,Kamis,Tidak Libur,Hari Kerja,6374000
2022-04-08,2022,4,8,Jumat,Tidak Libur,Hari Kerja,8876833
2022-04-09,2022,4,9,Sabtu,Tidak Libur,Akhir Pekan,11379667
2022-04-10,2022,4,10,Minggu,Libur,Akhir Pekan,13882500
2022-04-11,2022,4,11,Senin,Tidak Libur,Hari Kerja,6434000
2022-04-12,2022,4,12,Selasa,Tidak Libur,Hari Kerja,6521000
2022-04-13,2022,4,13,Rabu,Tidak Libur,Hari Kerja,6042000
2022-04-14,2022,4,14,Kamis,Tidak Libur,Hari Kerja,9219250
2022-04-15,2022,4,15,Jumat,Libur,Hari Kerja,12396500
2022-04-16,2022,4,16,Sabtu,Tidak Libur,Akhir Pekan,15573750
2022-04-17,2022,4,17,Minggu,Libur,Akhir Pekan,18751000
2022-04-18,2022,4,18,Senin,Tidak Libur,Hari Kerja,6524000
2022-04-19,2022,4,19,Selasa,Tidak Libur,Hari Kerja,6623500
2022-04-20,2022,4,20,Rabu,Tidak Libur,Hari Kerja,6587500
2022-04-21,2022,4,21,Kamis,Tidak Libur,Hari Kerja,6701000
2022-04-22,2022,4,22,Jumat,Tidak Libur,Hari Kerja,9242000
2022-04-23,2022,4,23,Sabtu,Tidak Libur,Akhir Pekan,11783000
2022-04-24,2022,4,24,Minggu,Libur,Akhir Pekan,14324000
2022-04-25,2022,4,25,Senin,Tidak Libur,Hari Kerja,6604500
2022-04-26,2022,4,26,Selasa,Tidak Libur,Hari Kerja,6723500
2022-04-27,2022,4,27,Rabu,Tidak Libur,Hari Kerja,6649500
2022-04-28,2022,4,28,Kamis,Tidak Libur,Hari Kerja,9866833
2022-04-29,2022,4,29,Jumat,Tidak Libur,Hari Kerja,13084167
2022-04-30,2022,4,30,Sabtu,Tidak Libur,Akhir Pekan,16301500
2022-05-01,2022,5,1,Minggu,Libur,Akhir Pekan,11175667
2022-05-02,2022,5,2,Senin,Libur,Hari Kerja,6049833
2022-05-03,2022,5,3,Selasa,Libur,Hari Kerja,924000
2022-05-04,2022,5,4,Rabu,Tidak Libur,Hari Kerja,2941000
2022-05-05,2022,5,5,Kamis,Tidak Libur,Hari Kerja,3400000
2022-05-06,2022,5,6,Jumat,Tidak Libur,Hari Kerja,5746000
2022-05-07,2022,5,7,Sabtu,Tidak Libur,Akhir Pekan,8092000
2022-05-08,2022,5,8,Minggu,Libur,Akhir Pekan,10438000
2022-05-09,2022,5,9,Senin,Tidak Libur,Hari Kerja,6326000
2022-05-10,2022,5,10,Selasa,Tidak Libur,Hari Kerja,6681000
2022-05-11,2022,5,11,Rabu,Tidak Libur,Hari Kerja,6705500
2022-05-12,2022,5,12,Kamis,Tidak Libur,Hari Kerja,6827000
2022-05-13,2022,5,13,Jumat,Tidak Libur,Hari Kerja,9919375
2022-05-14,2022,5,14,Sabtu,Tidak Libur,Akhir Pekan,13011750
2022-05-15,2022,5,15,Minggu,Libur,Akhir Pekan,16104125
2022-05-16,2022,5,16,Senin,Libur,Hari Kerja,19196500
2022-05-17,2022,5,17,Selasa,Tidak Libur,Hari Kerja,6832500
2022-05-18,2022,5,18,Rabu,Tidak Libur,Hari Kerja,6873000
2022-05-19,2022,5,19,Kamis,Tidak Libur,Hari Kerja,6896000
2022-05-20,2022,5,20,Jumat,Tidak Libur,Hari Kerja,9536500
2022-05-21,2022,5,21,Sabtu,Tidak Libur,Akhir Pekan,12177000
2022-05-22,2022,5,22,Minggu,Libur,Akhir Pekan,14817500
2022-05-23,2022,5,23,Senin,Tidak Libur,Hari Kerja,6883000
2022-05-24,2022,5,24,Selasa,Tidak Libur,Hari Kerja,6890000
2022-05-25,2022,5,25,Rabu,Tidak Libur,Hari Kerja,9167750
2022-05-26,2022,5,26,Kamis,Libur,Hari Kerja,11445500
2022-05-27,2022,5,27,Jumat,Tidak Libur,Hari Kerja,12589833
2022-05-28,2022,5,28,Sabtu,Tidak Libur,Akhir Pekan,13734167
2022-05-29,2022,5,29,Minggu,Libur,Akhir Pekan,14878500
2022-05-30,2022,5,30,Senin,Tidak Libur,Hari Kerja,6937000
2022-05-31,2022,5,31,Selasa,Tidak Libur,Hari Kerja,6946500
2022-06-01,2022,6,1,Rabu,Libur,Hari Kerja,4688000
2022-06-02,2022,6,2,Kamis,Tidak Libur,Hari Kerja,6936500
2022-06-03,2022,6,3,Jumat,Tidak Libur,Hari Kerja,9630833
2022-06-04,2022,6,4,Sabtu,Tidak Libur,Akhir Pekan,12325167
2022-06-05,2022,6,5,Minggu,Libur,Akhir Pekan,15019500
2022-06-06,2022,6,6,Senin,Tidak Libur,Hari Kerja,6904000
2022-06-07,2022,6,7,Selasa,Tidak Libur,Hari Kerja,6936000
2022-06-08,2022,6,8,Rabu,Tidak Libur,Hari Kerja,6947000
2022-06-09,2022,6,9,Kamis,Tidak Libur,Hari Kerja,7055000
2022-06-10,2022,6,10,Jumat,Tidak Libur,Hari Kerja,9724000
2022-06-11,2022,6,11,Sabtu,Tidak Libur,Akhir Pekan,12393000
2022-06-12,2022,6,12,Minggu,Libur,Akhir Pekan,15062000
2022-06-13,2022,6,13,Senin,Tidak Libur,Hari Kerja,7037500
2022-06-14,2022,6,14,Selasa,Tidak Libur,Hari Kerja,7058000
2022-06-15,2022,6,15,Rabu,Tidak Libur,Hari Kerja,7053000
2022-06-16,2022,6,16,Kamis,Tidak Libur,Hari Kerja,7076500
2022-06-17,2022,6,17,Jumat,Tidak Libur,Hari Kerja,9843833
2022-06-18,2022,6,18,Sabtu,Tidak Libur,Akhir Pekan,12611167
2022-06-19,2022,6,19,Minggu,Libur,Akhir Pekan,15378500
2022-06-20,2022,6,20,Senin,Tidak Libur,Hari Kerja,7029000
2022-06-21,2022,6,21,Selasa,Tidak Libur,Hari Kerja,7137000
2022-06-22,2022,6,22,Rabu,Tidak Libur,Hari Kerja,7138500
2022-06-23,2022,6,23,Kamis,Tidak Libur,Hari Kerja,7154000
2022-06-24,2022,6,24,Jumat,Tidak Libur,Hari Kerja,9935167
2022-06-25,2022,6,25,Sabtu,Tidak Libur,Akhir Pekan,12716333
2022-06-26,2022,6,26,Minggu,Libur,Akhir Pekan,15497500
2022-06-27,2022,6,27,Senin,Tidak Libur,Hari Kerja,7134500
2022-06-28,2022,6,28,Selasa,Tidak Libur,Hari Kerja,7115500
2022-06-29,2022,6,29,Rabu,Tidak Libur,Hari Kerja,7154000
2022-06-30,2022,6,30,Kamis,Tidak Libur,Hari Kerja,7142000
2022-07-01,2022,7,1,Jumat,Tidak Libur,Hari Kerja,9965333
2022-07-02,2022,7,2,Sabtu,Tidak Libur,Akhir Pekan,12788667
2022-07-03,2022,7,3,Minggu,Libur,Akhir Pekan,15612000
2022-07-04,2022,7,4,Senin,Tidak Libur,Hari Kerja,7158000
2022-07-05,2022,7,5,Selasa,Tidak Libur,Hari Kerja,7174500
2022-07-06,2022,7,6,Rabu,Tidak Libur,Hari Kerja,7089500
2022-07-07,2022,7,7,Kamis,Tidak Libur,Hari Kerja,7207000
2022-07-08,2022,7,8,Jumat,Tidak Libur,Hari Kerja,8624167
2022-07-09,2022,7,9,Sabtu,Tidak Libur,Akhir Pekan,10041333
2022-07-10,2022,7,10,Minggu,Libur,Akhir Pekan,11458500
2022-07-11,2022,7,11,Senin,Tidak Libur,Hari Kerja,6517000
2022-07-12,2022,7,12,Selasa,Tidak Libur,Hari Kerja,6870500
2022-07-13,2022,7,13,Rabu,Tidak Libur,Hari Kerja,7186000
2022-07-14,2022,7,14,Kamis,Tidak Libur,Hari Kerja,7260000
2022-07-15,2022,7,15,Jumat,Tidak Libur,Hari Kerja,10122667
2022-07-16,2022,7,16,Sabtu,Tidak Libur,Akhir Pekan,12985333
2022-07-17,2022,7,17,Minggu,Libur,Akhir Pekan,15848000
2022-07-18,2022,7,18,Senin,Tidak Libur,Hari Kerja,7391000
2022-07-19,2022,7,19,Selasa,Tidak Libur,Hari Kerja,7403000
2022-07-20,2022,7,20,Rabu,Tidak Libur,Hari Kerja,7360500
2022-07-21,2022,7,21,Kamis,Tidak Libur,Hari Kerja,7371000
2022-07-22,2022,7,22,Jumat,Tidak Libur,Hari Kerja,10205167
2022-07-23,2022,7,23,Sabtu,Tidak Libur,Akhir Pekan,13039333
2022-07-24,2022,7,24,Minggu,Libur,Akhir Pekan,15873500
2022-07-25,2022,7,25,Senin,Tidak Libur,Hari Kerja,7381000
2022-07-26,2022,7,26,Selasa,Tidak Libur,Hari Kerja,7420000
2022-07-27,2022,7,27,Rabu,Tidak Libur,Hari Kerja,7433500
2022-07-28,2022,7,28,Kamis,Tidak Libur,Hari Kerja,7384000
2022-07-29,2022,7,29,Jumat,Tidak Libur,Hari Kerja,9600833
2022-07-30,2022,7,30,Sabtu,Libur,Akhir Pekan,11817667
2022-07-31,2022,7,31,Minggu,Libur,Akhir Pekan,14034500
2022-08-01,2022,8,1,Senin,Tidak Libur,Hari Kerja,7422000
2022-08-02,2022,8,2,Selasa,Tidak Libur,Hari Kerja,7441000
2022-08-03,2022,8,3,Rabu,Tidak Libur,Hari Kerja,7506500
2022-08-04,2022,8,4,Kamis,Tidak Libur,Hari Kerja,7565000
2022-08-05,2022,8,5,Jumat,Tidak Libur,Hari Kerja,10491500
2022-08-06,2022,8,6,Sabtu,Tidak Libur,Akhir Pekan,13418000
2022-08-07,2022,8,7,Minggu,Libur,Akhir Pekan,16344500
2022-08-08,2022,8,8,Senin,Tidak Libur,Hari Kerja,7433500
2022-08-09,2022,8,9,Selasa,Tidak Libur,Hari Kerja,7411000
2022-08-10,2022,8,10,Rabu,Tidak Libur,Hari Kerja,7422000
2022-08-11,2022,8,11,Kamis,Tidak Libur,Hari Kerja,7466000
2022-08-12,2022,8,12,Jumat,Tidak Libur,Hari Kerja,10446167
2022-08-13,2022,8,13,Sabtu,Tidak Libur,Akhir Pekan,13426333
2022-08-14,2022,8,14,Minggu,Libur,Akhir Pekan,16406500
2022-08-15,2022,8,15,Senin,Tidak Libur,Hari Kerja,7411500
2022-08-16,2022,8,16,Selasa,Tidak Libur,Hari Kerja,8597250
2022-08-17,2022,8,17,Rabu,Libur,Hari Kerja,9783000
2022-08-18,2022,8,18,Kamis,Tidak Libur,Hari Kerja,7466500
2022-08-19,2022,8,19,Jumat,Tidak Libur,Hari Kerja,10482167
2022-08-20,2022,8,20,Sabtu,Tidak Libur,Akhir Pekan,13497833
2022-08-21,2022,8,21,Minggu,Libur,Akhir Pekan,16513500
2022-08-22,2022,8,22,Senin,Tidak Libur,Hari Kerja,7662000
2022-08-23,2022,8,23,Selasa,Tidak Libur,Hari Kerja,7784000
2022-08-24,2022,8,24,Rabu,Tidak Libur,Hari Kerja,8034000
2022-08-25,2022,8,25,Kamis,Tidak Libur,Hari Kerja,8048000
2022-08-26,2022,8,26,Jumat,Tidak Libur,Hari Kerja,11201333
2022-08-27,2022,8,27,Sabtu,Tidak Libur,Akhir Pekan,14354667
2022-08-28,2022,8,28,Minggu,Libur,Akhir Pekan,17508000
2022-08-29,2022,8,29,Senin,Tidak Libur,Hari Kerja,8081000
2022-08-30,2022,8,30,Selasa,Tidak Libur,Hari Kerja,8123000
2022-08-31,2022,8,31,Rabu,Tidak Libur,Hari Kerja,8189000
2022-09-01,2022,9,1,Kamis,Tidak Libur,Hari Kerja,8206000
2022-09-02,2022,9,2,Jumat,Tidak Libur,Hari Kerja,11444000
2022-09-03,2022,9,3,Sabtu,Tidak Libur,Akhir Pekan,14682000
2022-09-04,2022,9,4,Minggu,Libur,Akhir Pekan,17920000
2022-09-05,2022,9,5,Senin,Tidak Libur,Hari Kerja,8321000
2022-09-06,2022,9,6,Selasa,Tidak Libur,Hari Kerja,8401000
2022-09-07,2022,9,7,Rabu,Tidak Libur,Hari Kerja,8423000
2022-09-08,2022,9,8,Kamis,Tidak Libur,Hari Kerja,8412000
2022-09-09,2022,9,9,Jumat,Tidak Libur,Hari Kerja,11636667
2022-09-10,2022,9,10,Sabtu,Tidak Libur,Akhir Pekan,14861333
2022-09-11,2022,9,11,Minggu,Libur,Akhir Pekan,18086000
2022-09-12,2022,9,12,Senin,Tidak Libur,Hari Kerja,8485000
2022-09-13,2022,9,13,Selasa,Tidak Libur,Hari Kerja,8494000
2022-09-14,2022,9,14,Rabu,Tidak Libur,Hari Kerja,8500000
2022-09-15,2022,9,15,Kamis,Tidak Libur,Hari Kerja,8522000
2022-09-16,2022,9,16,Jumat,Tidak Libur,Hari Kerja,11760667
2022-09-17,2022,9,17,Sabtu,Tidak Libur,Akhir Pekan,14999333
2022-09-18,2022,9,18,Minggu,Libur,Akhir Pekan,18238000
2022-09-19,2022,9,19,Senin,Tidak Libur,Hari Kerja,8504000
2022-09-20,2022,9,20,Selasa,Tidak Libur,Hari Kerja,8526000
2022-09-21,2022,9,21,Rabu,Tidak Libur,Hari Kerja,8511000
2022-09-22,2022,9,22,Kamis,Tidak Libur,Hari Kerja,8513000
2022-09-23,2022,9,23,Jumat,Tidak Libur,Hari Kerja,11541667
2022-09-24,2022,9,24,Sabtu,Tidak Libur,Akhir Pekan,14570333
2022-09-25,2022,9,25,Minggu,Libur,Akhir Pekan,17599000
2022-09-26,2022,9,26,Senin,Tidak Libur,Hari Kerja,8511000
2022-09-27,2022,9,27,Selasa,Tidak Libur,Hari Kerja,8505000
2022-09-28,2022,9,28,Rabu,Tidak Libur,Hari Kerja,8509000
2022-09-29,2022,9,29,Kamis,Tidak Libur,Hari Kerja,8546000
2022-09-30,2022,9,30,Jumat,Tidak Libur,Hari Kerja,8505000
2022-10-01,2022,10,1,Sabtu,Tidak Libur,Akhir Pekan,9084000
2022-10-02,2022,10,2,Minggu,Libur,Akhir Pekan,9663000
2022-10-03,2022,10,3,Senin,Tidak Libur,Hari Kerja,8525000
2022-10-04,2022,10,4,Selasa,Tidak Libur,Hari Kerja,8419000
2022-10-05,2022,10,5,Rabu,Tidak Libur,Hari Kerja,8519000
2022-10-06,2022,10,6,Kamis,Tidak Libur,Hari Kerja,8526000
2022-10-07,2022,10,7,Jumat,Tidak Libur,Hari Kerja,10837000
2022-10-08,2022,10,8,Sabtu,Libur,Akhir Pekan,13148000
2022-10-09,2022,10,9,Minggu,Libur,Akhir Pekan,15459000
2022-10-10,2022,10,10,Senin,Tidak Libur,Hari Kerja,8527000
2022-10-11,2022,10,11,Selasa,Tidak Libur,Hari Kerja,8507000
2022-10-12,2022,10,12,Rabu,Tidak Libur,Hari Kerja,8538000
2022-10-13,2022,10,13,Kamis,Tidak Libur,Hari Kerja,8550000
2022-10-14,2022,10,14,Jumat,Tidak Libur,Hari Kerja,11809000
2022-10-15,2022,10,15,Sabtu,Tidak Libur,Akhir Pekan,15068000
2022-10-16,2022,10,16,Minggu,Libur,Akhir Pekan,18327000
2022-10-17,2022,10,17,Senin,Tidak Libur,Hari Kerja,8533000
2022-10-18,2022,10,18,Selasa,Tidak Libur,Hari Kerja,8539000
2022-10-19,2022,10,19,Rabu,Tidak Libur,Hari Kerja,8515000
2022-10-20,2022,10,20,Kamis,Tidak Libur,Hari Kerja,8509000
2022-10-21,2022,10,21,Jumat,Tidak Libur,Hari Kerja,11734000
2022-10-22,2022,10,22,Sabtu,Tidak Libur,Akhir Pekan,14959000
2022-10-23,2022,10,23,Minggu,Libur,Akhir Pekan,18184000
2022-10-24,2022,10,24,Senin,Tidak Libur,Hari Kerja,7801000
2022-10-25,2022,10,25,Selasa,Tidak Libur,Hari Kerja,7037000
2022-10-26,2022,10,26,Rabu,Tidak Libur,Hari Kerja,8246000
2022-10-27,2022,10,27,Kamis,Tidak Libur,Hari Kerja,8286000
2022-10-28,2022,10,28,Jumat,Tidak Libur,Hari Kerja,11587333
2022-10-29,2022,10,29,Sabtu,Tidak Libur,Akhir Pekan,14888667
2022-10-30,2022,10,30,Minggu,Libur,Akhir Pekan,18190000
2022-10-31,2022,10,31,Senin,Tidak Libur,Hari Kerja,8413000
2022-11-01,2022,11,1,Selasa,Tidak Libur,Hari Kerja,8454000
2022-11-02,2022,11,2,Rabu,Tidak Libur,Hari Kerja,8480000
2022-11-03,2022,11,3,Kamis,Tidak Libur,Hari Kerja,8483000
2022-11-04,2022,11,4,Jumat,Tidak Libur,Hari Kerja,11753000
2022-11-05,2022,11,5,Sabtu,Tidak Libur,Akhir Pekan,15023000
2022-11-06,2022,11,6,Minggu,Libur,Akhir Pekan,18293000
2022-11-07,2022,11,7,Senin,Tidak Libur,Hari Kerja,8538000
2022-11-08,2022,11,8,Selasa,Tidak Libur,Hari Kerja,8559000
2022-11-09,2022,11,9,Rabu,Tidak Libur,Hari Kerja,8404000
2022-11-10,2022,11,10,Kamis,Tidak Libur,Hari Kerja,8196000
2022-11-11,2022,11,11,Jumat,Tidak Libur,Hari Kerja,11542667
2022-11-12,2022,11,12,Sabtu,Tidak Libur,Akhir Pekan,14889333
2022-11-13,2022,11,13,Minggu,Libur,Akhir Pekan,18236000
2022-11-14,2022,11,14,Senin,Tidak Libur,Hari Kerja,8537500
2022-11-15,2022,11,15,Selasa,Tidak Libur,Hari Kerja,8411000
2022-11-16,2022,11,16,Rabu,Tidak Libur,Hari Kerja,8506000
2022-11-17,2022,11,17,Kamis,Tidak Libur,Hari Kerja,7622000
2022-11-18,2022,11,18,Jumat,Tidak Libur,Hari Kerja,11106667
2022-11-19,2022,11,19,Sabtu,Tidak Libur,Akhir Pekan,14591333
2022-11-20,2022,11,20,Minggu,Libur,Akhir Pekan,18076000
2022-11-21,2022,11,21,Senin,Tidak Libur,Hari Kerja,8513000
2022-11-22,2022,11,22,Selasa,Tidak Libur,Hari Kerja,8478000
2022-11-23,2022,11,23,Rabu,Tidak Libur,Hari Kerja,8502000
2022-11-24,2022,11,24,Kamis,Tidak Libur,Hari Kerja,8429000
2022-11-25,2022,11,25,Jumat,Tidak Libur,Hari Kerja,11018667
2022-11-26,2022,11,26,Sabtu,Tidak Libur,Akhir Pekan,13608333
2022-11-27,2022,11,27,Minggu,Libur,Akhir Pekan,16198000
2022-11-28,2022,11,28,Senin,Tidak Libur,Hari Kerja,8497000
2022-11-29,2022,11,29,Selasa,Tidak Libur,Hari Kerja,8452000
2022-11-30,2022,11,30,Rabu,Tidak Libur,Hari Kerja,8443000
2022-12-01,2022,12,1,Kamis,Tidak Libur,Hari Kerja,8489000
2022-12-02,2022,12,2,Jumat,Tidak Libur,Hari Kerja,11567667
2022-12-03,2022,12,3,Sabtu,Tidak Libur,Akhir Pekan,14646333
2022-12-04,2022,12,4,Minggu,Libur,Akhir Pekan,17725000
2022-12-05,2022,12,5,Senin,Tidak Libur,Hari Kerja,8517000
2022-12-06,2022,12,6,Selasa,Tidak Libur,Hari Kerja,8510000
2022-12-07,2022,12,7,Rabu,Tidak Libur,Hari Kerja,8527000
2022-12-08,2022,12,8,Kamis,Tidak Libur,Hari Kerja,8532000
2022-12-09,2022,12,9,Jumat,Tidak Libur,Hari Kerja,11668000
2022-12-10,2022,12,10,Sabtu,Tidak Libur,Akhir Pekan,14804000
2022-12-11,2022,12,11,Minggu,Libur,Akhir Pekan,17940000
2022-12-12,2022,12,12,Senin,Tidak Libur,Hari Kerja,8500000
2022-12-13,2022,12,13,Selasa,Tidak Libur,Hari Kerja,8509000
2022-12-14,2022,12,14,Rabu,Tidak Libur,Hari Kerja,8516000
2022-12-15,2022,12,15,Kamis,Tidak Libur,Hari Kerja,8519000
2022-12-16,2022,12,16,Jumat,Tidak Libur,Hari Kerja,11594333
2022-12-17,2022,12,17,Sabtu,Tidak Libur,Akhir Pekan,14669667
2022-12-18,2022,12,18,Minggu,Libur,Akhir Pekan,17745000
2022-12-19,2022,12,19,Senin,Tidak Libur,Hari Kerja,8471000
2022-12-20,2022,12,20,Selasa,Tidak Libur,Hari Kerja,8017000
2022-12-21,2022,12,21,Rabu,Tidak Libur,Hari Kerja,7193000
2022-12-22,2022,12,22,Kamis,Tidak Libur,Hari Kerja,8188000
2022-12-23,2022,12,23,Jumat,Tidak Libur,Hari Kerja,11345667
2022-12-24,2022,12,24,Sabtu,Tidak Libur,Akhir Pekan,14503333
2022-12-25,2022,12,25,Minggu,Libur,Akhir Pekan,17661000
2022-12-26,2022,12,26,Senin,Tidak Libur,Hari Kerja,8392000
2022-12-27,2022,12,27,Selasa,Tidak Libur,Hari Kerja,8442000
2022-12-28,2022,12,28,Rabu,Tidak Libur,Hari Kerja,8474000
2022-12-29,2022,12,29,Kamis,Tidak Libur,Hari Kerja,8470000
2022-12-30,2022,12,30,Jumat,Tidak Libur,Hari Kerja,11149000
2022-12-31,2022,12,31,Sabtu,Tidak Libur,Akhir Pekan,13828000
2023-01-01,2023,1,1,Minggu,Libur,Akhir Pekan,1375000
2023-01-02,2023,1,2,Senin,Tidak Libur,Hari Kerja,8228000
2023-01-03,2023,1,3,Selasa,Tidak Libur,Hari Kerja,8518000
2023-01-04,2023,1,4,Rabu,Tidak Libur,Hari Kerja,8514000
2023-01-05,2023,1,5,Kamis,Tidak Libur,Hari Kerja,8506000
2023-01-06,2023,1,6,Jumat,Tidak Libur,Hari Kerja,8605000
2023-01-07,2023,1,7,Sabtu,Tidak Libur,Akhir Pekan,7624000
2023-01-08,2023,1,8,Minggu,Libur,Akhir Pekan,1887000
2023-01-09,2023,1,9,Senin,Tidak Libur,Hari Kerja,8383000
2023-01-10,2023,1,10,Selasa,Tidak Libur,Hari Kerja,8535000
2023-01-11,2023,1,11,Rabu,Tidak Libur,Hari Kerja,8666000
2023-01-12,2023,1,12,Kamis,Tidak Libur,Hari Kerja,8638000
2023-01-13,2023,1,13,Jumat,Tidak Libur,Hari Kerja,8571000
2023-01-14,2023,1,14,Sabtu,Tidak Libur,Akhir Pekan,7809000
2023-01-15,2023,1,15,Minggu,Libur,Akhir Pekan,1918000
2023-01-16,2023,1,16,Senin,Tidak Libur,Hari Kerja,8418000
2023-01-17,2023,1,17,Selasa,Tidak Libur,Hari Kerja,8061000
2023-01-18,2023,1,18,Rabu,Tidak Libur,Hari Kerja,8582000
2023-01-19,2023,1,19,Kamis,Tidak Libur,Hari Kerja,8598000
2023-01-20,2023,1,20,Jumat,Tidak Libur,Hari Kerja,8486000
2023-01-21,2023,1,21,Sabtu,Tidak Libur,Akhir Pekan,7458000
2023-01-22,2023,1,22,Minggu,Libur,Akhir Pekan,1905000
2023-01-23,2023,1,23,Senin,Tidak Libur,Hari Kerja,6392000
2023-01-24,2023,1,24,Selasa,Tidak Libur,Hari Kerja,8355000
2023-01-25,2023,1,25,Rabu,Tidak Libur,Hari Kerja,8253000
2023-01-26,2023,1,26,Kamis,Tidak Libur,Hari Kerja,8350000
2023-01-27,2023,1,27,Jumat,Tidak Libur,Hari Kerja,8452000
2023-01-28,2023,1,28,Sabtu,Tidak Libur,Akhir Pekan,7545000
2023-01-29,2023,1,29,Minggu,Libur,Akhir Pekan,1950000
2023-01-30,2023,1,30,Senin,Tidak Libur,Hari Kerja,8520000
2023-01-31,2023,1,31,Selasa,Tidak Libur,Hari Kerja,8553000
2023-02-01,2023,2,1,Rabu,Tidak Libur,Hari Kerja,8557000
2023-02-02,2023,2,2,Kamis,Tidak Libur,Hari Kerja,8511000
2023-02-03,2023,2,3,Jumat,Tidak Libur,Hari Kerja,8291000
2023-02-04,2023,2,4,Sabtu,Tidak Libur,Akhir Pekan,7827000
2023-02-05,2023,2,5,Minggu,Libur,Akhir Pekan,1955000
2023-02-06,2023,2,6,Senin,Tidak Libur,Hari Kerja,8567000
2023-02-07,2023,2,7,Selasa,Tidak Libur,Hari Kerja,8558000
2023-02-08,2023,2,8,Rabu,Tidak Libur,Hari Kerja,8565000
2023-02-09,2023,2,9,Kamis,Tidak Libur,Hari Kerja,8535000
2023-02-10,2023,2,10,Jumat,Tidak Libur,Hari Kerja,8454000
2023-02-11,2023,2,11,Sabtu,Tidak Libur,Akhir Pekan,7541000
2023-02-12,2023,2,12,Minggu,Libur,Akhir Pekan,1713000
2023-02-13,2023,2,13,Senin,Tidak Libur,Hari Kerja,8071000
2023-02-14,2023,2,14,Selasa,Tidak Libur,Hari Kerja,8417000
2023-02-15,2023,2,15,Rabu,Tidak Libur,Hari Kerja,7530000
2023-02-16,2023,2,16,Kamis,Tidak Libur,Hari Kerja,7843000
2023-02-17,2023,2,17,Jumat,Tidak Libur,Hari Kerja,8269000
2023-02-18,2023,2,18,Sabtu,Libur,Akhir Pekan,5233000
2023-02-19,2023,2,19,Minggu,Libur,Akhir Pekan,1830000
2023-02-20,2023,2,20,Senin,Tidak Libur,Hari Kerja,7793000
2023-02-21,2023,2,21,Selasa,Tidak Libur,Hari Kerja,8211000
2023-02-22,2023,2,22,Rabu,Tidak Libur,Hari Kerja,8314000
2023-02-23,2023,2,23,Kamis,Tidak Libur,Hari Kerja,8331000
2023-02-24,2023,2,24,Jumat,Tidak Libur,Hari Kerja,8068000
2023-02-25,2023,2,25,Sabtu,Tidak Libur,Akhir Pekan,7334000
2023-02-26,2023,2,26,Minggu,Libur,Akhir Pekan,1882000
2023-02-27,2023,2,27,Senin,Tidak Libur,Hari Kerja,7703000
2023-02-28,2023,2,28,Selasa,Tidak Libur,Hari Kerja,8116000
2023-03-01,2023,3,1,Rabu,Tidak Libur,Hari Kerja,8170000
2023-03-02,2023,3,2,Kamis,Tidak Libur,Hari Kerja,8142000
2023-03-03,2023,3,3,Jumat,Tidak Libur,Hari Kerja,8097000
2023-03-04,2023,3,4,Sabtu,Tidak Libur,Akhir Pekan,7444000
2023-03-05,2023,3,5,Minggu,Libur,Akhir Pekan,1995000
2023-03-06,2023,3,6,Senin,Tidak Libur,Hari Kerja,8061000
2023-03-07,2023,3,7,Selasa,Tidak Libur,Hari Kerja,8266000
2023-03-08,2023,3,8,Rabu,Tidak Libur,Hari Kerja,8281000
2023-03-09,2023,3,9,Kamis,Tidak Libur,Hari Kerja,8279000
2023-03-10,2023,3,10,Jumat,Tidak Libur,Hari Kerja,8159000
2023-03-11,2023,3,11,Sabtu,Tidak Libur,Akhir Pekan,7642000
2023-03-12,2023,3,12,Minggu,Libur,Akhir Pekan,1912000
2023-03-13,2023,3,13,Senin,Tidak Libur,Hari Kerja,8346000
2023-03-14,2023,3,14,Selasa,Tidak Libur,Hari Kerja,8438000
2023-03-15,2023,3,15,Rabu,Tidak Libur,Hari Kerja,8386000
2023-03-16,2023,3,16,Kamis,Tidak Libur,Hari Kerja,8437000
2023-03-17,2023,3,17,Jumat,Tidak Libur,Hari Kerja,8253000
2023-03-18,2023,3,18,Sabtu,Tidak Libur,Akhir Pekan,7803000
2023-03-19,2023,3,19,Minggu,Libur,Akhir Pekan,1967000
2023-03-20,2023,3,20,Senin,Tidak Libur,Hari Kerja,8281000
2023-03-21,2023,3,21,Selasa,Tidak Libur,Hari Kerja,8380000
2023-03-22,2023,3,22,Rabu,Libur,Hari Kerja,5052000
2023-03-23,2023,3,23,Kamis,Tidak Libur,Hari Kerja,4620000
2023-03-24,2023,3,24,Jumat,Tidak Libur,Hari Kerja,6888000
2023-03-25,2023,3,25,Sabtu,Tidak Libur,Akhir Pekan,6351000
2023-03-26,2023,3,26,Minggu,Libur,Akhir Pekan,1829000
2023-03-27,2023,3,27,Senin,Tidak Libur,Hari Kerja,7351000
2023-03-28,2023,3,28,Selasa,Tidak Libur,Hari Kerja,7657000
2023-03-29,2023,3,29,Rabu,Tidak Libur,Hari Kerja,7668000
2023-03-30,2023,3,30,Kamis,Tidak Libur,Hari Kerja,7518000
2023-03-31,2023,3,31,Jumat,Tidak Libur,Hari Kerja,7555000
2023-04-01,2023,4,1,Sabtu,Tidak Libur,Akhir Pekan,7224000
2023-04-02,2023,4,2,Minggu,Libur,Akhir Pekan,1987000
2023-04-03,2023,4,3,Senin,Tidak Libur,Hari Kerja,7744000
2023-04-04,2023,4,4,Selasa,Tidak Libur,Hari Kerja,7769000
2023-04-05,2023,4,5,Rabu,Tidak Libur,Hari Kerja,7707000
2023-04-06,2023,4,6,Kamis,Tidak Libur,Hari Kerja,7825000
2023-04-07,2023,4,7,Jumat,Libur,Hari Kerja,5298000
2023-04-08,2023,4,8,Sabtu,Tidak Libur,Akhir Pekan,7108000
2023-04-09,2023,4,9,Minggu,Libur,Akhir Pekan,1917000
2023-04-10,2023,4,10,Senin,Tidak Libur,Hari Kerja,7570000
2023-04-11,2023,4,11,Selasa,Tidak Libur,Hari Kerja,7730000
2023-04-12,2023,4,12,Rabu,Tidak Libur,Hari Kerja,7654000
2023-04-13,2023,4,13,Kamis,Tidak Libur,Hari Kerja,7831000
2023-04-14,2023,4,14,Jumat,Tidak Libur,Hari Kerja,7809000
2023-04-15,2023,4,15,Sabtu,Tidak Libur,Akhir Pekan,7549000
2023-04-16,2023,4,16,Minggu,Libur,Akhir Pekan,2061000
2023-04-17,2023,4,17,Senin,Tidak Libur,Hari Kerja,7821000
2023-04-18,2023,4,18,Selasa,Tidak Libur,Hari Kerja,7804000
2023-04-19,2023,4,19,Rabu,Tidak Libur,Hari Kerja,6277000
2023-04-20,2023,4,20,Kamis,Tidak Libur,Hari Kerja,4996000
2023-04-21,2023,4,21,Jumat,Tidak Libur,Hari Kerja,2813000
2023-04-22,2023,4,22,Sabtu,Libur,Akhir Pekan,2797000
2023-04-23,2023,4,23,Minggu,Libur,Akhir Pekan,2781000
2023-04-24,2023,4,24,Senin,Tidak Libur,Hari Kerja,2765000
2023-04-25,2023,4,25,Selasa,Tidak Libur,Hari Kerja,3963000
2023-04-26,2023,4,26,Rabu,Tidak Libur,Hari Kerja,5628000
2023-04-27,2023,4,27,Kamis,Tidak Libur,Hari Kerja,6216000
2023-04-28,2023,4,28,Jumat,Tidak Libur,Hari Kerja,7308000
2023-04-29,2023,4,29,Sabtu,Tidak Libur,Akhir Pekan,6883000
2023-04-30,2023,4,30,Minggu,Libur,Akhir Pekan,1784000
2023-05-01,2023,5,1,Senin,Libur,Hari Kerja,5179000
2023-05-02,2023,5,2,Selasa,Tidak Libur,Hari Kerja,7821000
2023-05-03,2023,5,3,Rabu,Tidak Libur,Hari Kerja,8124000
2023-05-04,2023,5,4,Kamis,Tidak Libur,Hari Kerja,8227000
2023-05-05,2023,5,5,Jumat,Tidak Libur,Hari Kerja,8198000
2023-05-06,2023,5,6,Sabtu,Tidak Libur,Akhir Pekan,7600000
2023-05-07,2023,5,7,Minggu,Libur,Akhir Pekan,2017000
2023-05-08,2023,5,8,Senin,Tidak Libur,Hari Kerja,8237000
2023-05-09,2023,5,9,Selasa,Tidak Libur,Hari Kerja,8171000
2023-05-10,2023,5,10,Rabu,Tidak Libur,Hari Kerja,8256000
2023-05-11,2023,5,11,Kamis,Tidak Libur,Hari Kerja,8242000
2023-05-12,2023,5,12,Jumat,Tidak Libur,Hari Kerja,8243000
2023-05-13,2023,5,13,Sabtu,Tidak Libur,Akhir Pekan,7561000
2023-05-14,2023,5,14,Minggu,Libur,Akhir Pekan,2011000
2023-05-15,2023,5,15,Senin,Tidak Libur,Hari Kerja,8332000
2023-05-16,2023,5,16,Selasa,Tidak Libur,Hari Kerja,8359000
2023-05-17,2023,5,17,Rabu,Tidak Libur,Hari Kerja,8327000
2023-05-18,2023,5,18,Kamis,Libur,Hari Kerja,5669000
2023-05-19,2023,5,19,Jumat,Tidak Libur,Hari Kerja,8275000
2023-05-20,2023,5,20,Sabtu,Tidak Libur,Akhir Pekan,7658000
2023-05-21,2023,5,21,Minggu,Libur,Akhir Pekan,1931000
2023-05-22,2023,5,22,Senin,Tidak Libur,Hari Kerja,8428000
2023-05-23,2023,5,23,Selasa,Tidak Libur,Hari Kerja,8447000
2023-05-24,2023,5,24,Rabu,Tidak Libur,Hari Kerja,8442000
2023-05-25,2023,5,25,Kamis,Tidak Libur,Hari Kerja,8483000
2023-05-26,2023,5,26,Jumat,Tidak Libur,Hari Kerja,8441000
2023-05-27,2023,5,27,Sabtu,Tidak Libur,Akhir Pekan,7926000
2023-05-28,2023,5,28,Minggu,Libur,Akhir Pekan,2048000
2023-05-29,2023,5,29,Senin,Tidak Libur,Hari Kerja,8443000
2023-05-30,2023,5,30,Selasa,Tidak Libur,Hari Kerja,8452000
2023-05-31,2023,5,31,Rabu,Tidak Libur,Hari Kerja,8432000
2023-06-01,2023,6,1,Kamis,Libur,Hari Kerja,5413000
2023-06-02,2023,6,2,Jumat,Tidak Libur,Hari Kerja,7496000
2023-06-03,2023,6,3,Sabtu,Tidak Libur,Akhir Pekan,7557000
2023-06-04,2023,6,4,Minggu,Libur,Akhir Pekan,1887000
2023-06-05,2023,6,5,Senin,Tidak Libur,Hari Kerja,8511000
2023-06-06,2023,6,6,Selasa,Tidak Libur,Hari Kerja,8498000
2023-06-07,2023,6,7,Rabu,Tidak Libur,Hari Kerja,8500000
2023-06-08,2023,6,8,Kamis,Tidak Libur,Hari Kerja,8476000
2023-06-09,2023,6,9,Jumat,Tidak Libur,Hari Kerja,8352000
2023-06-10,2023,6,10,Sabtu,Tidak Libur,Akhir Pekan,7711000
2023-06-11,2023,6,11,Minggu,Libur,Akhir Pekan,2023000
2023-06-12,2023,6,12,Senin,Tidak Libur,Hari Kerja,8529000
2023-06-13,2023,6,13,Selasa,Tidak Libur,Hari Kerja,8567000
2023-06-14,2023,6,14,Rabu,Tidak Libur,Hari Kerja,8509000
2023-06-15,2023,6,15,Kamis,Tidak Libur,Hari Kerja,8556000
2023-06-16,2023,6,16,Jumat,Tidak Libur,Hari Kerja,8429000
2023-06-17,2023,6,17,Sabtu,Tidak Libur,Akhir Pekan,7629000
2023-06-18,2023,6,18,Minggu,Libur,Akhir Pekan,1962000
2023-06-19,2023,6,19,Senin,Tidak Libur,Hari Kerja,8438000
2023-06-20,2023,6,20,Selasa,Tidak Libur,Hari Kerja,8456000
2023-06-21,2023,6,21,Rabu,Tidak Libur,Hari Kerja,8506000
2023-06-22,2023,6,22,Kamis,Tidak Libur,Hari Kerja,8521000
2023-06-23,2023,6,23,Jumat,Tidak Libur,Hari Kerja,8430000
2023-06-24,2023,6,24,Sabtu,Tidak Libur,Akhir Pekan,7663000
2023-06-25,2023,6,25,Minggu,Libur,Akhir Pekan,1950000
2023-06-26,2023,6,26,Senin,Tidak Libur,Hari Kerja,8521000
2023-06-27,2023,6,27,Selasa,Tidak Libur,Hari Kerja,8363000
2023-06-28,2023,6,28,Rabu,Tidak Libur,Hari Kerja,7299000
2023-06-29,2023,6,29,Kamis,Libur,Hari Kerja,0
2023-06-30,2023,6,30,Jumat,Tidak Libur,Hari Kerja,6557000
2023-07-01,2023,7,1,Sabtu,Tidak Libur,Akhir Pekan,7231000
2023-07-02,2023,7,2,Minggu,Libur,Akhir Pekan,1781000
2023-07-03,2023,7,3,Senin,Tidak Libur,Hari Kerja,8430000
2023-07-04,2023,7,4,Selasa,Tidak Libur,Hari Kerja,8470000
2023-07-05,2023,7,5,Rabu,Tidak Libur,Hari Kerja,8457000
2023-07-06,2023,7,6,Kamis,Tidak Libur,Hari Kerja,8431000
2023-07-07,2023,7,7,Jumat,Tidak Libur,Hari Kerja,8326000
2023-07-08,2023,7,8,Sabtu,Tidak Libur,Akhir Pekan,7678000
2023-07-09,2023,7,9,Minggu,Libur,Akhir Pekan,1997000
2023-07-10,2023,7,10,Senin,Tidak Libur,Hari Kerja,8501000
2023-07-11,2023,7,11,Selasa,Tidak Libur,Hari Kerja,8505000
2023-07-12,2023,7,12,Rabu,Tidak Libur,Hari Kerja,8409000
2023-07-13,2023,7,13,Kamis,Tidak Libur,Hari Kerja,8490000
2023-07-14,2023,7,14,Jumat,Tidak Libur,Hari Kerja,8459000
2023-07-15,2023,7,15,Sabtu,Tidak Libur,Akhir Pekan,7742000
2023-07-16,2023,7,16,Minggu,Libur,Akhir Pekan,2041000
2023-07-17,2023,7,17,Senin,Tidak Libur,Hari Kerja,8722000
2023-07-18,2023,7,18,Selasa,Tidak Libur,Hari Kerja,8800000
2023-07-19,2023,7,19,Rabu,Libur,Hari Kerja,5603000
2023-07-20,2023,7,20,Kamis,Tidak Libur,Hari Kerja,8813000
2023-07-21,2023,7,21,Jumat,Tidak Libur,Hari Kerja,8792000
2023-07-22,2023,7,22,Sabtu,Tidak Libur,Akhir Pekan,8198000
2023-07-23,2023,7,23,Minggu,Libur,Akhir Pekan,2025000
2023-07-24,2023,7,24,Senin,Tidak Libur,Hari Kerja,8930000
2023-07-25,2023,7,25,Selasa,Tidak Libur,Hari Kerja,8906000
2023-07-26,2023,7,26,Rabu,Tidak Libur,Hari Kerja,8920000
2023-07-27,2023,7,27,Kamis,Tidak Libur,Hari Kerja,8948000
2023-07-28,2023,7,28,Jumat,Tidak Libur,Hari Kerja,8873000
2023-07-29,2023,7,29,Sabtu,Tidak Libur,Akhir Pekan,8240000
2023-07-30,2023,7,30,Minggu,Libur,Akhir Pekan,2035000
2023-07-31,2023,7,31,Senin,Tidak Libur,Hari Kerja,8995000
2023-08-01,2023,8,1,Selasa,Tidak Libur,Hari Kerja,9049000
2023-08-02,2023,8,2,Rabu,Tidak Libur,Hari Kerja,9068000
2023-08-03,2023,8,3,Kamis,Tidak Libur,Hari Kerja,9107000
2023-08-04,2023,8,4,Jumat,Tidak Libur,Hari Kerja,8941000
2023-08-05,2023,8,5,Sabtu,Tidak Libur,Akhir Pekan,8201000
2023-08-06,2023,8,6,Minggu,Libur,Akhir Pekan,2081000
2023-08-07,2023,8,7,Senin,Tidak Libur,Hari Kerja,9092000
2023-08-08,2023,8,8,Selasa,Tidak Libur,Hari Kerja,9107000
2023-08-09,2023,8,9,Rabu,Tidak Libur,Hari Kerja,9129000
2023-08-10,2023,8,10,Kamis,Tidak Libur,Hari Kerja,9091000
2023-08-11,2023,8,11,Jumat,Tidak Libur,Hari Kerja,9021000
2023-08-12,2023,8,12,Sabtu,Tidak Libur,Akhir Pekan,8249000
2023-08-13,2023,8,13,Minggu,Libur,Akhir Pekan,2044000
2023-08-14,2023,8,14,Senin,Tidak Libur,Hari Kerja,9081000
2023-08-15,2023,8,15,Selasa,Tidak Libur,Hari Kerja,9044000
2023-08-16,2023,8,16,Rabu,Tidak Libur,Hari Kerja,9047000
2023-08-17,2023,8,17,Kamis,Libur,Hari Kerja,2272000
2023-08-18,2023,8,18,Jumat,Tidak Libur,Hari Kerja,9017000
2023-08-19,2023,8,19,Sabtu,Tidak Libur,Akhir Pekan,8299000
2023-08-20,2023,8,20,Minggu,Libur,Akhir Pekan,2018000
2023-08-21,2023,8,21,Senin,Tidak Libur,Hari Kerja,8995000
2023-08-22,2023,8,22,Selasa,Tidak Libur,Hari Kerja,9042000
2023-08-23,2023,8,23,Rabu,Tidak Libur,Hari Kerja,9029000
2023-08-24,2023,8,24,Kamis,Tidak Libur,Hari Kerja,9061000
2023-08-25,2023,8,25,Jumat,Tidak Libur,Hari Kerja,8881000
2023-08-26,2023,8,26,Sabtu,Tidak Libur,Akhir Pekan,7940000
2023-08-27,2023,8,27,Minggu,Libur,Akhir Pekan,2012000
2023-08-28,2023,8,28,Senin,Tidak Libur,Hari Kerja,8828000
2023-08-29,2023,8,29,Selasa,Tidak Libur,Hari Kerja,8820000
2023-08-30,2023,8,30,Rabu,Tidak Libur,Hari Kerja,8982000
2023-08-31,2023,8,31,Kamis,Tidak Libur,Hari Kerja,9031000
2023-09-01,2023,9,1,Jumat,Tidak Libur,Hari Kerja,8781000
2023-09-02,2023,9,2,Sabtu,Tidak Libur,Akhir Pekan,8210000
2023-09-03,2023,9,3,Minggu,Libur,Akhir Pekan,2061000
2023-09-04,2023,9,4,Senin,Tidak Libur,Hari Kerja,8983000
2023-09-05,2023,9,5,Selasa,Tidak Libur,Hari Kerja,9003000
2023-09-06,2023,9,6,Rabu,Tidak Libur,Hari Kerja,8903000
2023-09-07,2023,9,7,Kamis,Tidak Libur,Hari Kerja,9021000
2023-09-08,2023,9,8,Jumat,Tidak Libur,Hari Kerja,8959000
2023-09-09,2023,9,9,Sabtu,Tidak Libur,Akhir Pekan,8172000
2023-09-10,2023,9,10,Minggu,Libur,Akhir Pekan,1985000
2023-09-11,2023,9,11,Senin,Tidak Libur,Hari Kerja,8960000
2023-09-12,2023,9,12,Selasa,Tidak Libur,Hari Kerja,8901000
2023-09-13,2023,9,13,Rabu,Tidak Libur,Hari Kerja,8980000
2023-09-14,2023,9,14,Kamis,Tidak Libur,Hari Kerja,8965000
2023-09-15,2023,9,15,Jumat,Tidak Libur,Hari Kerja,8776000
2023-09-16,2023,9,16,Sabtu,Tidak Libur,Akhir Pekan,8049000
2023-09-17,2023,9,17,Minggu,Libur,Akhir Pekan,2031000
2023-09-18,2023,9,18,Senin,Tidak Libur,Hari Kerja,8868000
2023-09-19,2023,9,19,Selasa,Tidak Libur,Hari Kerja,8897000
2023-09-20,2023,9,20,Rabu,Tidak Libur,Hari Kerja,8929000
2023-09-21,2023,9,21,Kamis,Tidak Libur,Hari Kerja,8827000
2023-09-22,2023,9,22,Jumat,Tidak Libur,Hari Kerja,8848000
2023-09-23,2023,9,23,Sabtu,Tidak Libur,Akhir Pekan,7999000
2023-09-24,2023,9,24,Minggu,Libur,Akhir Pekan,1924000
2023-09-25,2023,9,25,Senin,Tidak Libur,Hari Kerja,8853000
2023-09-26,2023,9,26,Selasa,Tidak Libur,Hari Kerja,8899000
2023-09-27,2023,9,27,Rabu,Tidak Libur,Hari Kerja,8856000
2023-09-28,2023,9,28,Kamis,Libur,Hari Kerja,4196000
2023-09-29,2023,9,29,Jumat,Tidak Libur,Hari Kerja,8733000
2023-09-30,2023,9,30,Sabtu,Tidak Libur,Akhir Pekan,8078000
2023-10-01,2023,10,1,Minggu,Libur,Akhir Pekan,2068000
2023-10-02,2023,10,2,Senin,Tidak Libur,Hari Kerja,8956000
2023-10-03,2023,10,3,Selasa,Tidak Libur,Hari Kerja,8936000
2023-10-04,2023,10,4,Rabu,Tidak Libur,Hari Kerja,8829000
2023-10-05,2023,10,5,Kamis,Tidak Libur,Hari Kerja,8925000
2023-10-06,2023,10,6,Jumat,Tidak Libur,Hari Kerja,8788000
2023-10-07,2023,10,7,Sabtu,Tidak Libur,Akhir Pekan,7955000
2023-10-08,2023,10,8,Minggu,Libur,Akhir Pekan,1966000
2023-10-09,2023,10,9,Senin,Tidak Libur,Hari Kerja,8853000
2023-10-10,2023,10,10,Selasa,Tidak Libur,Hari Kerja,8872000
2023-10-11,2023,10,11,Rabu,Tidak Libur,Hari Kerja,8825000
2023-10-12,2023,10,12,Kamis,Tidak Libur,Hari Kerja,8842000
2023-10-13,2023,10,13,Jumat,Tidak Libur,Hari Kerja,8167000
2023-10-14,2023,10,14,Sabtu,Tidak Libur,Akhir Pekan,8197000
2023-10-15,2023,10,15,Minggu,Libur,Akhir Pekan,2052000
2023-10-16,2023,10,16,Senin,Tidak Libur,Hari Kerja,8835000
2023-10-17,2023,10,17,Selasa,Tidak Libur,Hari Kerja,8891000
2023-10-18,2023,10,18,Rabu,Tidak Libur,Hari Kerja,8788000
2023-10-19,2023,10,19,Kamis,Tidak Libur,Hari Kerja,8883000
2023-10-20,2023,10,20,Jumat,Tidak Libur,Hari Kerja,8758000
2023-10-21,2023,10,21,Sabtu,Tidak Libur,Akhir Pekan,8005000
2023-10-22,2023,10,22,Minggu,Libur,Akhir Pekan,1912000
2023-10-23,2023,10,23,Senin,Tidak Libur,Hari Kerja,8805000
2023-10-24,2023,10,24,Selasa,Tidak Libur,Hari Kerja,8847000
2023-10-25,2023,10,25,Rabu,Tidak Libur,Hari Kerja,8821000
2023-10-26,2023,10,26,Kamis,Tidak Libur,Hari Kerja,8893000
2023-10-27,2023,10,27,Jumat,Tidak Libur,Hari Kerja,8762000
2023-10-28,2023,10,28,Sabtu,Tidak Libur,Akhir Pekan,7959000
2023-10-29,2023,10,29,Minggu,Libur,Akhir Pekan,1928000
2023-10-30,2023,10,30,Senin,Tidak Libur,Hari Kerja,8901000
2023-10-31,2023,10,31,Selasa,Tidak Libur,Hari Kerja,8827000
2023-11-01,2023,11,1,Rabu,Tidak Libur,Hari Kerja,8903000
2023-11-02,2023,11,2,Kamis,Tidak Libur,Hari Kerja,8858000
2023-11-03,2023,11,3,Jumat,Tidak Libur,Hari Kerja,8840000
2023-11-04,2023,11,4,Sabtu,Tidak Libur,Akhir Pekan,7891000
2023-11-05,2023,11,5,Minggu,Libur,Akhir Pekan,1946000
2023-11-06,2023,11,6,Senin,Tidak Libur,Hari Kerja,8942000
2023-11-07,2023,11,7,Selasa,Tidak Libur,Hari Kerja,8887000
2023-11-08,2023,11,8,Rabu,Tidak Libur,Hari Kerja,8819000
2023-11-09,2023,11,9,Kamis,Tidak Libur,Hari Kerja,8836000
2023-11-10,2023,11,10,Jumat,Tidak Libur,Hari Kerja,8752000
2023-11-11,2023,11,11,Sabtu,Tidak Libur,Akhir Pekan,7939000
2023-11-12,2023,11,12,Minggu,Libur,Akhir Pekan,1988000
2023-11-13,2023,11,13,Senin,Tidak Libur,Hari Kerja,8900000
2023-11-14,2023,11,14,Selasa,Tidak Libur,Hari Kerja,8817000
2023-11-15,2023,11,15,Rabu,Tidak Libur,Hari Kerja,8854000
2023-11-16,2023,11,16,Kamis,Tidak Libur,Hari Kerja,8878000
2023-11-17,2023,11,17,Jumat,Tidak Libur,Hari Kerja,8694000
2023-11-18,2023,11,18,Sabtu,Tidak Libur,Akhir Pekan,7886000
2023-11-19,2023,11,19,Minggu,Libur,Akhir Pekan,1932000
2023-11-20,2023,11,20,Senin,Tidak Libur,Hari Kerja,8861000
2023-11-21,2023,11,21,Selasa,Tidak Libur,Hari Kerja,8833000
2023-11-22,2023,11,22,Rabu,Tidak Libur,Hari Kerja,8832000
2023-11-23,2023,11,23,Kamis,Tidak Libur,Hari Kerja,8857000
2023-11-24,2023,11,24,Jumat,Tidak Libur,Hari Kerja,8751000
2023-11-25,2023,11,25,Sabtu,Tidak Libur,Akhir Pekan,7816000
2023-11-26,2023,11,26,Minggu,Libur,Akhir Pekan,2002000
2023-11-27,2023,11,27,Senin,Tidak Libur,Hari Kerja,8827000
2023-11-28,2023,11,28,Selasa,Tidak Libur,Hari Kerja,8869000
2023-11-29,2023,11,29,Rabu,Tidak Libur,Hari Kerja,8865000
2023-11-30,2023,11,30,Kamis,Tidak Libur,Hari Kerja,8817000
2023-12-01,2023,12,1,Jumat,Tidak Libur,Hari Kerja,8041000
2023-12-02,2023,12,2,Sabtu,Tidak Libur,Akhir Pekan,8056000
2023-12-03,2023,12,3,Minggu,Libur,Akhir Pekan,1970000
2023-12-04,2023,12,4,Senin,Tidak Libur,Hari Kerja,8826000
2023-12-05,2023,12,5,Selasa,Tidak Libur,Hari Kerja,8721000
2023-12-06,2023,12,6,Rabu,Tidak Libur,Hari Kerja,8831000
2023-12-07,2023,12,7,Kamis,Tidak Libur,Hari Kerja,8806000
2023-12-08,2023,12,8,Jumat,Tidak Libur,Hari Kerja,8752000
2023-12-09,2023,12,9,Sabtu,Tidak Libur,Akhir Pekan,7955000
2023-12-10,2023,12,10,Minggu,Libur,Akhir Pekan,2002000
2023-12-11,2023,12,11,Senin,Tidak Libur,Hari Kerja,8800000
2023-12-12,2023,12,12,Selasa,Tidak Libur,Hari Kerja,8873000
2023-12-13,2023,12,13,Rabu,Tidak Libur,Hari Kerja,8827000
2023-12-14,2023,12,14,Kamis,Tidak Libur,Hari Kerja,8842000
2023-12-15,2023,12,15,Jumat,Tidak Libur,Hari Kerja,8741000
2023-12-16,2023,12,16,Sabtu,Tidak Libur,Akhir Pekan,8128000
2023-12-17,2023,12,17,Minggu,Libur,Akhir Pekan,1889000
2023-12-18,2023,12,18,Senin,Tidak Libur,Hari Kerja,8857000
2023-12-19,2023,12,19,Selasa,Tidak Libur,Hari Kerja,8701000
2023-12-20,2023,12,20,Rabu,Tidak Libur,Hari Kerja,8800000
2023-12-21,2023,12,21,Kamis,Tidak Libur,Hari Kerja,8836000
2023-12-22,2023,12,22,Jumat,Tidak Libur,Hari Kerja,8754000
2023-12-23,2023,12,23,Sabtu,Tidak Libur,Akhir Pekan,8114000
2023-12-24,2023,12,24,Minggu,Libur,Akhir Pekan,1905000
2023-12-25,2023,12,25,Senin,Libur,Hari Kerja,3738000
2023-12-26,2023,12,26,Selasa,Tidak Libur,Hari Kerja,7121000
2023-12-27,2023,12,27,Rabu,Tidak Libur,Hari Kerja,8788000
2023-12-28,2023,12,28,Kamis,Tidak Libur,Hari Kerja,8734000
2023-12-29,2023,12,29,Jumat,Tidak Libur,Hari Kerja,8639000
2023-12-30,2023,12,30,Sabtu,Tidak Libur,Akhir Pekan,7388000
2023-12-31,2023,12,31,Minggu,Libur,Akhir Pekan,1803000
2024-01-01,2024,1,1,Senin,Libur,Hari Kerja,2240000
2024-01-02,2024,1,2,Selasa,Tidak Libur,Hari Kerja,8270000
2024-01-03,2024,1,3,Rabu,Tidak Libur,Hari Kerja,8710000
2024-01-04,2024,1,4,Kamis,Tidak Libur,Hari Kerja,8783000
2024-01-05,2024,1,5,Jumat,Tidak Libur,Hari Kerja,8707000
2024-01-06,2024,1,6,Sabtu,Tidak Libur,Akhir Pekan,7876000
2024-01-07,2024,1,7,Minggu,Libur,Akhir Pekan,2018000
2024-01-08,2024,1,8,Senin,Tidak Libur,Hari Kerja,8879000
2024-01-09,2024,1,9,Selasa,Tidak Libur,Hari Kerja,8429000
2024-01-10,2024,1,10,Rabu,Tidak Libur,Hari Kerja,8591000
2024-01-11,2024,1,11,Kamis,Tidak Libur,Hari Kerja,8442000
2024-01-12,2024,1,12,Jumat,Tidak Libur,Hari Kerja,8715000
2024-01-13,2024,1,13,Sabtu,Tidak Libur,Akhir Pekan,7941000
2024-01-14,2024,1,14,Minggu,Libur,Akhir Pekan,1991000
2024-01-15,2024,1,15,Senin,Tidak Libur,Hari Kerja,8889000
2024-01-16,2024,1,16,Selasa,Tidak Libur,Hari Kerja,8451000
2024-01-17,2024,1,17,Rabu,Tidak Libur,Hari Kerja,8632000
2024-01-18,2024,1,18,Kamis,Tidak Libur,Hari Kerja,8819000
2024-01-19,2024,1,19,Jumat,Tidak Libur,Hari Kerja,8720000
2024-01-20,2024,1,20,Sabtu,Tidak Libur,Akhir Pekan,7978000
2024-01-21,2024,1,21,Minggu,Libur,Akhir Pekan,2062000
2024-01-22,2024,1,22,Senin,Tidak Libur,Hari Kerja,8464000
2024-01-23,2024,1,23,Selasa,Tidak Libur,Hari Kerja,8741000
2024-01-24,2024,1,24,Rabu,Tidak Libur,Hari Kerja,8282000
2024-01-25,2024,1,25,Kamis,Tidak Libur,Hari Kerja,8003000
2024-01-26,2024,1,26,Jumat,Tidak Libur,Hari Kerja,8598000
2024-01-27,2024,1,27,Sabtu,Tidak Libur,Akhir Pekan,8068000
2024-01-28,2024,1,28,Minggu,Libur,Akhir Pekan,1916000
2024-01-29,2024,1,29,Senin,Tidak Libur,Hari Kerja,8830000
2024-01-30,2024,1,30,Selasa,Tidak Libur,Hari Kerja,8765000
2024-01-31,2024,1,31,Rabu,Tidak Libur,Hari Kerja,8423000
2024-02-01,2024,2,1,Kamis,Tidak Libur,Hari Kerja,8019000
2024-02-02,2024,2,2,Jumat,Tidak Libur,Hari Kerja,8781000
2024-02-03,2024,2,3,Sabtu,Tidak Libur,Akhir Pekan,7516000
2024-02-04,2024,2,4,Minggu,Libur,Akhir Pekan,1910000
2024-02-05,2024,2,5,Senin,Tidak Libur,Hari Kerja,8336000
2024-02-06,2024,2,6,Selasa,Tidak Libur,Hari Kerja,8767000
2024-02-07,2024,2,7,Rabu,Tidak Libur,Hari Kerja,7942000
2024-02-08,2024,2,8,Kamis,Libur,Hari Kerja,4810000
2024-02-09,2024,2,9,Jumat,Tidak Libur,Hari Kerja,7031000
2024-02-10,2024,2,10,Sabtu,Libur,Akhir Pekan,3575000
2024-02-11,2024,2,11,Minggu,Libur,Akhir Pekan,1750000
2024-02-12,2024,2,12,Senin,Tidak Libur,Hari Kerja,8642000
2024-02-13,2024,2,13,Selasa,Tidak Libur,Hari Kerja,8229000
2024-02-14,2024,2,14,Rabu,Libur,Hari Kerja,816000
2024-02-15,2024,2,15,Kamis,Tidak Libur,Hari Kerja,8331000
2024-02-16,2024,2,16,Jumat,Tidak Libur,Hari Kerja,8525000
2024-02-17,2024,2,17,Sabtu,Tidak Libur,Akhir Pekan,7584000
2024-02-18,2024,2,18,Minggu,Libur,Akhir Pekan,1900000
2024-02-19,2024,2,19,Senin,Tidak Libur,Hari Kerja,8794000
2024-02-20,2024,2,20,Selasa,Tidak Libur,Hari Kerja,8773000
2024-02-21,2024,2,21,Rabu,Tidak Libur,Hari Kerja,8287000
2024-02-22,2024,2,22,Kamis,Tidak Libur,Hari Kerja,8618000
2024-02-23,2024,2,23,Jumat,Tidak Libur,Hari Kerja,8450000
2024-02-24,2024,2,24,Sabtu,Tidak Libur,Akhir Pekan,8012000
2024-02-25,2024,2,25,Minggu,Libur,Akhir Pekan,1821000
2024-02-26,2024,2,26,Senin,Tidak Libur,Hari Kerja,8653000
2024-02-27,2024,2,27,Selasa,Tidak Libur,Hari Kerja,8404000
2024-02-28,2024,2,28,Rabu,Tidak Libur,Hari Kerja,8648000
2024-02-29,2024,2,29,Kamis,Tidak Libur,Hari Kerja,8679000
2024-03-01,2024,3,1,Jumat,Tidak Libur,Hari Kerja,8316000
2024-03-02,2024,3,2,Sabtu,Tidak Libur,Akhir Pekan,7984000
2024-03-03,2024,3,3,Minggu,Libur,Akhir Pekan,1995000
2024-03-04,2024,3,4,Senin,Tidak Libur,Hari Kerja,8617000
2024-03-05,2024,3,5,Selasa,Tidak Libur,Hari Kerja,8630000
2024-03-06,2024,3,6,Rabu,Tidak Libur,Hari Kerja,8631000
2024-03-07,2024,3,7,Kamis,Tidak Libur,Hari Kerja,8777000
2024-03-08,2024,3,8,Jumat,Tidak Libur,Hari Kerja,8305000
2024-03-09,2024,3,9,Sabtu,Tidak Libur,Akhir Pekan,7752000
2024-03-10,2024,3,10,Minggu,Libur,Akhir Pekan,1966000
2024-03-11,2024,3,11,Senin,Libur,Hari Kerja,4904000
2024-03-12,2024,3,12,Selasa,Tidak Libur,Hari Kerja,5191000
2024-03-13,2024,3,13,Rabu,Tidak Libur,Hari Kerja,7043000
2024-03-14,2024,3,14,Kamis,Tidak Libur,Hari Kerja,7077000
2024-03-15,2024,3,15,Jumat,Tidak Libur,Hari Kerja,7554000
2024-03-16,2024,3,16,Sabtu,Tidak Libur,Akhir Pekan,7621000
2024-03-17,2024,3,17,Minggu,Libur,Akhir Pekan,2010000
2024-03-18,2024,3,18,Senin,Tidak Libur,Hari Kerja,8035000
2024-03-19,2024,3,19,Selasa,Tidak Libur,Hari Kerja,8210000
2024-03-20,2024,3,20,Rabu,Tidak Libur,Hari Kerja,8168000
2024-03-21,2024,3,21,Kamis,Tidak Libur,Hari Kerja,8206000
2024-03-22,2024,3,22,Jumat,Tidak Libur,Hari Kerja,8194000
2024-03-23,2024,3,23,Sabtu,Tidak Libur,Akhir Pekan,7562000
2024-03-24,2024,3,24,Minggu,Libur,Akhir Pekan,1879000
2024-03-25,2024,3,25,Senin,Tidak Libur,Hari Kerja,8294000
2024-03-26,2024,3,26,Selasa,Tidak Libur,Hari Kerja,8394000
2024-03-27,2024,3,27,Rabu,Tidak Libur,Hari Kerja,8386000
2024-03-28,2024,3,28,Kamis,Tidak Libur,Hari Kerja,8547000
2024-03-29,2024,3,29,Jumat,Libur,Hari Kerja,5552000
2024-03-30,2024,3,30,Sabtu,Tidak Libur,Akhir Pekan,8076000
2024-03-31,2024,3,31,Minggu,Libur,Akhir Pekan,2069000
2024-04-01,2024,4,1,Senin,Tidak Libur,Hari Kerja,8388000
2024-04-02,2024,4,2,Selasa,Tidak Libur,Hari Kerja,8384000
2024-04-03,2024,4,3,Rabu,Tidak Libur,Hari Kerja,8383000
2024-04-04,2024,4,4,Kamis,Tidak Libur,Hari Kerja,8477000
2024-04-05,2024,4,5,Jumat,Tidak Libur,Hari Kerja,8262000
2024-04-06,2024,4,6,Sabtu,Tidak Libur,Akhir Pekan,7648000
2024-04-07,2024,4,7,Minggu,Libur,Akhir Pekan,1881000
2024-04-08,2024,4,8,Senin,Tidak Libur,Hari Kerja,5753000
2024-04-09,2024,4,9,Selasa,Tidak Libur,Hari Kerja,3503000
2024-04-10,2024,4,10,Rabu,Libur,Hari Kerja,0
2024-04-11,2024,4,11,Kamis,Libur,Hari Kerja,0
2024-04-12,2024,4,12,Jumat,Tidak Libur,Hari Kerja,3733000
2024-04-13,2024,4,13,Sabtu,Tidak Libur,Akhir Pekan,4237000
2024-04-14,2024,4,14,Minggu,Libur,Akhir Pekan,1751000
2024-04-15,2024,4,15,Senin,Tidak Libur,Hari Kerja,6833000
2024-04-16,2024,4,16,Selasa,Tidak Libur,Hari Kerja,8615000
2024-04-17,2024,4,17,Rabu,Tidak Libur,Hari Kerja,8635000
2024-04-18,2024,4,18,Kamis,Tidak Libur,Hari Kerja,8730000
2024-04-19,2024,4,19,Jumat,Tidak Libur,Hari Kerja,8825000
2024-04-20,2024,4,20,Sabtu,Tidak Libur,Akhir Pekan,8391000
2024-04-21,2024,4,21,Minggu,Libur,Akhir Pekan,1904000
2024-04-22,2024,4,22,Senin,Tidak Libur,Hari Kerja,8872000
2024-04-23,2024,4,23,Selasa,Tidak Libur,Hari Kerja,8905000
2024-04-24,2024,4,24,Rabu,Tidak Libur,Hari Kerja,8917000
2024-04-25,2024,4,25,Kamis,Tidak Libur,Hari Kerja,8977000
2024-04-26,2024,4,26,Jumat,Tidak Libur,Hari Kerja,8916000
2024-04-27,2024,4,27,Sabtu,Tidak Libur,Akhir Pekan,8359000
2024-04-28,2024,4,28,Minggu,Libur,Akhir Pekan,2210000
2024-04-29,2024,4,29,Senin,Tidak Libur,Hari Kerja,8978000
2024-04-30,2024,4,30,Selasa,Tidak Libur,Hari Kerja,9029000
2024-05-01,2024,5,1,Rabu,Libur,Hari Kerja,5842000
2024-05-02,2024,5,2,Kamis,Tidak Libur,Hari Kerja,9074000
2024-05-03,2024,5,3,Jumat,Tidak Libur,Hari Kerja,9093000
2024-05-04,2024,5,4,Sabtu,Tidak Libur,Akhir Pekan,8505000
2024-05-05,2024,5,5,Minggu,Libur,Akhir Pekan,2144000
2024-05-06,2024,5,6,Senin,Tidak Libur,Hari Kerja,9108000
2024-05-07,2024,5,7,Selasa,Tidak Libur,Hari Kerja,9138000
2024-05-08,2024,5,8,Rabu,Tidak Libur,Hari Kerja,9048000
2024-05-09,2024,5,9,Kamis,Libur,Hari Kerja,5810000
2024-05-10,2024,5,10,Jumat,Tidak Libur,Hari Kerja,8289000
2024-05-11,2024,5,11,Sabtu,Tidak Libur,Akhir Pekan,8296000
2024-05-12,2024,5,12,Minggu,Libur,Akhir Pekan,2187000
2024-05-13,2024,5,13,Senin,Tidak Libur,Hari Kerja,9183000
2024-05-14,2024,5,14,Selasa,Tidak Libur,Hari Kerja,9193000
2024-05-15,2024,5,15,Rabu,Tidak Libur,Hari Kerja,9161000
2024-05-16,2024,5,16,Kamis,Tidak Libur,Hari Kerja,9163000
2024-05-17,2024,5,17,Jumat,Tidak Libur,Hari Kerja,9140000
2024-05-18,2024,5,18,Sabtu,Tidak Libur,Akhir Pekan,8373000
2024-05-19,2024,5,19,Minggu,Libur,Akhir Pekan,2119000
2024-05-20,2024,5,20,Senin,Tidak Libur,Hari Kerja,9223000
2024-05-21,2024,5,21,Selasa,Tidak Libur,Hari Kerja,9228000
2024-05-22,2024,5,22,Rabu,Tidak Libur,Hari Kerja,9138000
2024-05-23,2024,5,23,Kamis,Libur,Hari Kerja,5498000
2024-05-24,2024,5,24,Jumat,Tidak Libur,Hari Kerja,8249000
2024-05-25,2024,5,25,Sabtu,Tidak Libur,Akhir Pekan,8332000
2024-05-26,2024,5,26,Minggu,Libur,Akhir Pekan,2241000
2024-05-27,2024,5,27,Senin,Tidak Libur,Hari Kerja,9184000
2024-05-28,2024,5,28,Selasa,Tidak Libur,Hari Kerja,9216000
2024-05-29,2024,5,29,Rabu,Tidak Libur,Hari Kerja,9165000
2024-05-30,2024,5,30,Kamis,Tidak Libur,Hari Kerja,9206000
2024-05-31,2024,5,31,Jumat,Tidak Libur,Hari Kerja,9150000
2024-06-01,2024,6,1,Sabtu,Libur,Akhir Pekan,5845000
2024-06-02,2024,6,2,Minggu,Libur,Akhir Pekan,2155000
2024-06-03,2024,6,3,Senin,Tidak Libur,Hari Kerja,9266000
2024-06-04,2024,6,4,Selasa,Tidak Libur,Hari Kerja,9242000
2024-06-05,2024,6,5,Rabu,Tidak Libur,Hari Kerja,9268000
2024-06-06,2024,6,6,Kamis,Tidak Libur,Hari Kerja,9221000
2024-06-07,2024,6,7,Jumat,Tidak Libur,Hari Kerja,9225000
2024-06-08,2024,6,8,Sabtu,Tidak Libur,Akhir Pekan,8363000
2024-06-09,2024,6,9,Minggu,Libur,Akhir Pekan,2195000
2024-06-10,2024,6,10,Senin,Tidak Libur,Hari Kerja,9270000
2024-06-11,2024,6,11,Selasa,Tidak Libur,Hari Kerja,9254000
2024-06-12,2024,6,12,Rabu,Tidak Libur,Hari Kerja,9266000
2024-06-13,2024,6,13,Kamis,Tidak Libur,Hari Kerja,9279000
2024-06-14,2024,6,14,Jumat,Tidak Libur,Hari Kerja,9243000
2024-06-15,2024,6,15,Sabtu,Tidak Libur,Akhir Pekan,8433000
2024-06-16,2024,6,16,Minggu,Libur,Akhir Pekan,1617000
2024-06-17,2024,6,17,Senin,Libur,Hari Kerja,0
2024-06-18,2024,6,18,Selasa,Tidak Libur,Hari Kerja,6706000
2024-06-19,2024,6,19,Rabu,Tidak Libur,Hari Kerja,9038000
2024-06-20,2024,6,20,Kamis,Tidak Libur,Hari Kerja,9179000
2024-06-21,2024,6,21,Jumat,Tidak Libur,Hari Kerja,9222000
2024-06-22,2024,6,22,Sabtu,Tidak Libur,Akhir Pekan,8326000
2024-06-23,2024,6,23,Minggu,Libur,Akhir Pekan,2020000
2024-06-24,2024,6,24,Senin,Tidak Libur,Hari Kerja,9280000
2024-06-25,2024,6,25,Selasa,Tidak Libur,Hari Kerja,9240000
2024-06-26,2024,6,26,Rabu,Tidak Libur,Hari Kerja,9294000
2024-06-27,2024,6,27,Kamis,Tidak Libur,Hari Kerja,9257000
2024-06-28,2024,6,28,Jumat,Tidak Libur,Hari Kerja,9229000
2024-06-29,2024,6,29,Sabtu,Tidak Libur,Akhir Pekan,8232000
2024-06-30,2024,6,30,Minggu,Libur,Akhir Pekan,2142000
2024-07-01,2024,7,1,Senin,Tidak Libur,Hari Kerja,9261000
2024-07-02,2024,7,2,Selasa,Tidak Libur,Hari Kerja,9252000
2024-07-03,2024,7,3,Rabu,Tidak Libur,Hari Kerja,9279000
2024-07-04,2024,7,4,Kamis,Tidak Libur,Hari Kerja,9180000
2024-07-05,2024,7,5,Jumat,Tidak Libur,Hari Kerja,9119000
2024-07-06,2024,7,6,Sabtu,Tidak Libur,Akhir Pekan,7540000
2024-07-07,2024,7,7,Minggu,Libur,Akhir Pekan,2143000
2024-07-08,2024,7,8,Senin,Tidak Libur,Hari Kerja,9220000
2024-07-09,2024,7,9,Selasa,Tidak Libur,Hari Kerja,9282000
2024-07-10,2024,7,10,Rabu,Tidak Libur,Hari Kerja,9243000
2024-07-11,2024,7,11,Kamis,Tidak Libur,Hari Kerja,9229000
2024-07-12,2024,7,12,Jumat,Tidak Libur,Hari Kerja,9160000
2024-07-13,2024,7,13,Sabtu,Tidak Libur,Akhir Pekan,8411000
2024-07-14,2024,7,14,Minggu,Libur,Akhir Pekan,2105000
2024-07-15,2024,7,15,Senin,Tidak Libur,Hari Kerja,9263000
2024-07-16,2024,7,16,Selasa,Tidak Libur,Hari Kerja,9264000
2024-07-17,2024,7,17,Rabu,Tidak Libur,Hari Kerja,9280000
2024-07-18,2024,7,18,Kamis,Tidak Libur,Hari Kerja,9283000
2024-07-19,2024,7,19,Jumat,Tidak Libur,Hari Kerja,9158000
2024-07-20,2024,7,20,Sabtu,Tidak Libur,Akhir Pekan,8351000
2024-07-21,2024,7,21,Minggu,Libur,Akhir Pekan,2114000
2024-07-22,2024,7,22,Senin,Tidak Libur,Hari Kerja,9298000
2024-07-23,2024,7,23,Selasa,Tidak Libur,Hari Kerja,9242000
2024-07-24,2024,7,24,Rabu,Tidak Libur,Hari Kerja,9166000
2024-07-25,2024,7,25,Kamis,Tidak Libur,Hari Kerja,9193000
2024-07-26,2024,7,26,Jumat,Tidak Libur,Hari Kerja,9227000
2024-07-27,2024,7,27,Sabtu,Tidak Libur,Akhir Pekan,8275000
2024-07-28,2024,7,28,Minggu,Libur,Akhir Pekan,2152000
2024-07-29,2024,7,29,Senin,Tidak Libur,Hari Kerja,9268000
2024-07-30,2024,7,30,Selasa,Tidak Libur,Hari Kerja,9262000
2024-07-31,2024,7,31,Rabu,Tidak Libur,Hari Kerja,9184000
2024-08-01,2024,8,1,Kamis,Tidak Libur,Hari Kerja,9279000
2024-08-02,2024,8,2,Jumat,Tidak Libur,Hari Kerja,9203000
2024-08-03,2024,8,3,Sabtu,Tidak Libur,Akhir Pekan,8420000
2024-08-04,2024,8,4,Minggu,Libur,Akhir Pekan,2139000
2024-08-05,2024,8,5,Senin,Tidak Libur,Hari Kerja,9296000
2024-08-06,2024,8,6,Selasa,Tidak Libur,Hari Kerja,9249000
2024-08-07,2024,8,7,Rabu,Tidak Libur,Hari Kerja,9203000
2024-08-08,2024,8,8,Kamis,Tidak Libur,Hari Kerja,9282000
2024-08-09,2024,8,9,Jumat,Tidak Libur,Hari Kerja,9218000
2024-08-10,2024,8,10,Sabtu,Tidak Libur,Akhir Pekan,8464000
2024-08-11,2024,8,11,Minggu,Libur,Akhir Pekan,2165000
2024-08-12,2024,8,12,Senin,Tidak Libur,Hari Kerja,9271000
2024-08-13,2024,8,13,Selasa,Tidak Libur,Hari Kerja,9278000
2024-08-14,2024,8,14,Rabu,Tidak Libur,Hari Kerja,9188000
2024-08-15,2024,8,15,Kamis,Tidak Libur,Hari Kerja,9272000
2024-08-16,2024,8,16,Jumat,Tidak Libur,Hari Kerja,9227000
2024-08-17,2024,8,17,Sabtu,Libur,Akhir Pekan,2829000
2024-08-18,2024,8,18,Minggu,Libur,Akhir Pekan,1985000
2024-08-19,2024,8,19,Senin,Tidak Libur,Hari Kerja,9202000
2024-08-20,2024,8,20,Selasa,Tidak Libur,Hari Kerja,9258000
2024-08-21,2024,8,21,Rabu,Tidak Libur,Hari Kerja,9144000
2024-08-22,2024,8,22,Kamis,Tidak Libur,Hari Kerja,9253000
2024-08-23,2024,8,23,Jumat,Tidak Libur,Hari Kerja,9209000
2024-08-24,2024,8,24,Sabtu,Tidak Libur,Akhir Pekan,8219000
2024-08-25,2024,8,25,Minggu,Libur,Akhir Pekan,2156000
2024-08-26,2024,8,26,Senin,Tidak Libur,Hari Kerja,9216000
2024-08-27,2024,8,27,Selasa,Tidak Libur,Hari Kerja,9198000
2024-08-28,2024,8,28,Rabu,Tidak Libur,Hari Kerja,9175000
2024-08-29,2024,8,29,Kamis,Tidak Libur,Hari Kerja,9212000
2024-08-30,2024,8,30,Jumat,Tidak Libur,Hari Kerja,9196000
2024-08-31,2024,8,31,Sabtu,Tidak Libur,Akhir Pekan,8248000
2024-09-01,2024,9,1,Minggu,Libur,Akhir Pekan,2111000
2024-09-02,2024,9,2,Senin,Tidak Libur,Hari Kerja,9286000
2024-09-03,2024,9,3,Selasa,Tidak Libur,Hari Kerja,9302000
2024-09-04,2024,9,4,Rabu,Tidak Libur,Hari Kerja,9276000
2024-09-05,2024,9,5,Kamis,Tidak Libur,Hari Kerja,9206000
2024-09-06,2024,9,6,Jumat,Tidak Libur,Hari Kerja,9115000
2024-09-07,2024,9,7,Sabtu,Tidak Libur,Akhir Pekan,8392000
2024-09-08,2024,9,8,Minggu,Libur,Akhir Pekan,2154000
2024-09-09,2024,9,9,Senin,Tidak Libur,Hari Kerja,9343000
2024-09-10,2024,9,10,Selasa,Tidak Libur,Hari Kerja,9268000
2024-09-11,2024,9,11,Rabu,Tidak Libur,Hari Kerja,9376000
2024-09-12,2024,9,12,Kamis,Tidak Libur,Hari Kerja,9385000
2024-09-13,2024,9,13,Jumat,Tidak Libur,Hari Kerja,9420000
2024-09-14,2024,9,14,Sabtu,Tidak Libur,Akhir Pekan,8875000
2024-09-15,2024,9,15,Minggu,Libur,Akhir Pekan,2518000
2024-09-16,2024,9,16,Senin,Libur,Hari Kerja,5779000
2024-09-17,2024,9,17,Selasa,Tidak Libur,Hari Kerja,9346000
2024-09-18,2024,9,18,Rabu,Tidak Libur,Hari Kerja,9394000
2024-09-19,2024,9,19,Kamis,Tidak Libur,Hari Kerja,9319000
2024-09-20,2024,9,20,Jumat,Tidak Libur,Hari Kerja,9234000
2024-09-21,2024,9,21,Sabtu,Tidak Libur,Akhir Pekan,8607000
2024-09-22,2024,9,22,Minggu,Libur,Akhir Pekan,2392000
2024-09-23,2024,9,23,Senin,Tidak Libur,Hari Kerja,9411000
2024-09-24,2024,9,24,Selasa,Tidak Libur,Hari Kerja,9377000
2024-09-25,2024,9,25,Rabu,Tidak Libur,Hari Kerja,9381000
2024-09-26,2024,9,26,Kamis,Tidak Libur,Hari Kerja,9085000
2024-09-27,2024,9,27,Jumat,Tidak Libur,Hari Kerja,9360000
2024-09-28,2024,9,28,Sabtu,Tidak Libur,Akhir Pekan,8911000
2024-09-29,2024,9,29,Minggu,Libur,Akhir Pekan,2351000
2024-09-30,2024,9,30,Senin,Tidak Libur,Hari Kerja,9447000
2024-10-01,2024,10,1,Selasa,Tidak Libur,Hari Kerja,9390000
2024-10-02,2024,10,2,Rabu,Tidak Libur,Hari Kerja,9290000
2024-10-03,2024,10,3,Kamis,Tidak Libur,Hari Kerja,9408000
2024-10-04,2024,10,4,Jumat,Tidak Libur,Hari Kerja,9307000
2024-10-05,2024,10,5,Sabtu,Tidak Libur,Akhir Pekan,8797000
2024-10-06,2024,10,6,Minggu,Libur,Akhir Pekan,2248000
2024-10-07,2024,10,7,Senin,Tidak Libur,Hari Kerja,9442000
2024-10-08,2024,10,8,Selasa,Tidak Libur,Hari Kerja,9292000
2024-10-09,2024,10,9,Rabu,Tidak Libur,Hari Kerja,9387000
2024-10-10,2024,10,10,Kamis,Tidak Libur,Hari Kerja,9282000
2024-10-11,2024,10,11,Jumat,Tidak Libur,Hari Kerja,9342000
2024-10-12,2024,10,12,Sabtu,Tidak Libur,Akhir Pekan,8792000
2024-10-13,2024,10,13,Minggu,Libur,Akhir Pekan,2149000
2024-10-14,2024,10,14,Senin,Tidak Libur,Hari Kerja,9378000
2024-10-15,2024,10,15,Selasa,Tidak Libur,Hari Kerja,9368000
2024-10-16,2024,10,16,Rabu,Tidak Libur,Hari Kerja,9190000
2024-10-17,2024,10,17,Kamis,Tidak Libur,Hari Kerja,9236000
2024-10-18,2024,10,18,Jumat,Tidak Libur,Hari Kerja,9219000
2024-10-19,2024,10,19,Sabtu,Tidak Libur,Akhir Pekan,8714000
2024-10-20,2024,10,20,Minggu,Libur,Akhir Pekan,2163000
2024-10-21,2024,10,21,Senin,Tidak Libur,Hari Kerja,9322000
2024-10-22,2024,10,22,Selasa,Tidak Libur,Hari Kerja,9176000
2024-10-23,2024,10,23,Rabu,Tidak Libur,Hari Kerja,9247000
2024-10-24,2024,10,24,Kamis,Tidak Libur,Hari Kerja,9201000
2024-10-25,2024,10,25,Jumat,Tidak Libur,Hari Kerja,9271000
2024-10-26,2024,10,26,Sabtu,Tidak Libur,Akhir Pekan,8693000
2024-10-27,2024,10,27,Minggu,Libur,Akhir Pekan,2084000
2024-10-28,2024,10,28,Senin,Tidak Libur,Hari Kerja,9331000
2024-10-29,2024,10,29,Selasa,Tidak Libur,Hari Kerja,9319000
2024-10-30,2024,10,30,Rabu,Tidak Libur,Hari Kerja,9185000
2024-10-31,2024,10,31,Kamis,Tidak Libur,Hari Kerja,9111000
2024-11-01,2024,11,1,Jumat,Tidak Libur,Hari Kerja,9287000
2024-11-02,2024,11,2,Sabtu,Tidak Libur,Akhir Pekan,8646000
2024-11-03,2024,11,3,Minggu,Libur,Akhir Pekan,2047000
2024-11-04,2024,11,4,Senin,Tidak Libur,Hari Kerja,9293000
2024-11-05,2024,11,5,Selasa,Tidak Libur,Hari Kerja,9359000
2024-11-06,2024,11,6,Rabu,Tidak Libur,Hari Kerja,9312000
2024-11-07,2024,11,7,Kamis,Tidak Libur,Hari Kerja,9356000
2024-11-08,2024,11,8,Jumat,Tidak Libur,Hari Kerja,9099000
2024-11-09,2024,11,9,Sabtu,Tidak Libur,Akhir Pekan,8709000
2024-11-10,2024,11,10,Minggu,Libur,Akhir Pekan,2165000
2024-11-11,2024,11,11,Senin,Tidak Libur,Hari Kerja,8545000
2024-11-12,2024,11,12,Selasa,Tidak Libur,Hari Kerja,9229000
2024-11-13,2024,11,13,Rabu,Tidak Libur,Hari Kerja,9240000
2024-11-14,2024,11,14,Kamis,Tidak Libur,Hari Kerja,9238000
2024-11-15,2024,11,15,Jumat,Tidak Libur,Hari Kerja,9236000
2024-11-16,2024,11,16,Sabtu,Tidak Libur,Akhir Pekan,8680000
2024-11-17,2024,11,17,Minggu,Libur,Akhir Pekan,2129000
2024-11-18,2024,11,18,Senin,Tidak Libur,Hari Kerja,9288000
2024-11-19,2024,11,19,Selasa,Tidak Libur,Hari Kerja,9082000
2024-11-20,2024,11,20,Rabu,Tidak Libur,Hari Kerja,9217000
2024-11-21,2024,11,21,Kamis,Tidak Libur,Hari Kerja,9322000
2024-11-22,2024,11,22,Jumat,Tidak Libur,Hari Kerja,9262000
2024-11-23,2024,11,23,Sabtu,Tidak Libur,Akhir Pekan,8822000
2024-11-24,2024,11,24,Minggu,Libur,Akhir Pekan,2203000
2024-11-25,2024,11,25,Senin,Tidak Libur,Hari Kerja,9330000
2024-11-26,2024,11,26,Selasa,Tidak Libur,Hari Kerja,8754000
2024-11-27,2024,11,27,Rabu,Libur,Hari Kerja,2611000
2024-11-28,2024,11,28,Kamis,Tidak Libur,Hari Kerja,9132000
2024-11-29,2024,11,29,Jumat,Tidak Libur,Hari Kerja,9207000
2024-11-30,2024,11,30,Sabtu,Tidak Libur,Akhir Pekan,8854000
2024-12-01,2024,12,1,Minggu,Libur,Akhir Pekan,2208000
2024-12-02,2024,12,2,Senin,Tidak Libur,Hari Kerja,9361000
2024-12-03,2024,12,3,Selasa,Tidak Libur,Hari Kerja,8401000
2024-12-04,2024,12,4,Rabu,Tidak Libur,Hari Kerja,9383000
2024-12-05,2024,12,5,Kamis,Tidak Libur,Hari Kerja,9401000
2024-12-06,2024,12,6,Jumat,Tidak Libur,Hari Kerja,9326000
2024-12-07,2024,12,7,Sabtu,Tidak Libur,Akhir Pekan,8896000
2024-12-08,2024,12,8,Minggu,Libur,Akhir Pekan,2169000
2024-12-09,2024,12,9,Senin,Tidak Libur,Hari Kerja,8747000
2024-12-10,2024,12,10,Selasa,Tidak Libur,Hari Kerja,9166000
2024-12-11,2024,12,11,Rabu,Tidak Libur,Hari Kerja,9277000
2024-12-12,2024,12,12,Kamis,Tidak Libur,Hari Kerja,9165000
2024-12-13,2024,12,13,Jumat,Tidak Libur,Hari Kerja,8509000
2024-12-14,2024,12,14,Sabtu,Tidak Libur,Akhir Pekan,8572000
2024-12-15,2024,12,15,Minggu,Libur,Akhir Pekan,2105000
2024-12-16,2024,12,16,Senin,Tidak Libur,Hari Kerja,9282000
2024-12-17,2024,12,17,Selasa,Tidak Libur,Hari Kerja,9122000
2024-12-18,2024,12,18,Rabu,Tidak Libur,Hari Kerja,9290000
2024-12-19,2024,12,19,Kamis,Tidak Libur,Hari Kerja,9066000
2024-12-20,2024,12,20,Jumat,Tidak Libur,Hari Kerja,9178000
2024-12-21,2024,12,21,Sabtu,Tidak Libur,Akhir Pekan,8641000
2024-12-22,2024,12,22,Minggu,Libur,Akhir Pekan,2063000
2024-12-23,2024,12,23,Senin,Tidak Libur,Hari Kerja,9032000
2024-12-24,2024,12,24,Selasa,Tidak Libur,Hari Kerja,9064000
2024-12-25,2024,12,25,Rabu,Libur,Hari Kerja,4358000
2024-12-26,2024,12,26,Kamis,Tidak Libur,Hari Kerja,7974000
2024-12-27,2024,12,27,Jumat,Tidak Libur,Hari Kerja,8791000
2024-12-28,2024,12,28,Sabtu,Tidak Libur,Akhir Pekan,8377000
2024-12-29,2024,12,29,Minggu,Libur,Akhir Pekan,2119000
2024-12-30,2024,12,30,Senin,Tidak Libur,Hari Kerja,8748000
2024-12-31,2024,12,31,Selasa,Tidak Libur,Hari Kerja,7984000
2025-01-01,2025,1,1,Rabu,Libur,Hari Kerja,2942000
2025-01-02,2025,1,2,Kamis,Tidak Libur,Hari Kerja,9017000
2025-01-03,2025,1,3,Jumat,Tidak Libur,Hari Kerja,9031000
2025-01-04,2025,1,4,Sabtu,Tidak Libur,Akhir Pekan,8702000
2025-01-05,2025,1,5,Minggu,Libur,Akhir Pekan,2281000
2025-01-06,2025,1,6,Senin,Tidak Libur,Hari Kerja,9240000
2025-01-07,2025,1,7,Selasa,Tidak Libur,Hari Kerja,9188000
2025-01-08,2025,1,8,Rabu,Tidak Libur,Hari Kerja,9387000
2025-01-09,2025,1,9,Kamis,Tidak Libur,Hari Kerja,9307000
2025-01-10,2025,1,10,Jumat,Tidak Libur,Hari Kerja,9222000
2025-01-11,2025,1,11,Sabtu,Tidak Libur,Akhir Pekan,8820000
2025-01-12,2025,1,12,Minggu,Libur,Akhir Pekan,2076000
2025-01-13,2025,1,13,Senin,Tidak Libur,Hari Kerja,9403000
2025-01-14,2025,1,14,Selasa,Tidak Libur,Hari Kerja,9436000
2025-01-15,2025,1,15,Rabu,Tidak Libur,Hari Kerja,9329000
2025-01-16,2025,1,16,Kamis,Tidak Libur,Hari Kerja,8952000
2025-01-17,2025,1,17,Jumat,Tidak Libur,Hari Kerja,9293000
2025-01-18,2025,1,18,Sabtu,Tidak Libur,Akhir Pekan,8569000
2025-01-19,2025,1,19,Minggu,Libur,Akhir Pekan,2181000
2025-01-20,2025,1,20,Senin,Tidak Libur,Hari Kerja,9219000
2025-01-21,2025,1,21,Selasa,Tidak Libur,Hari Kerja,8932000
2025-01-22,2025,1,22,Rabu,Tidak Libur,Hari Kerja,8951000
2025-01-23,2025,1,23,Kamis,Tidak Libur,Hari Kerja,8702000
2025-01-24,2025,1,24,Jumat,Tidak Libur,Hari Kerja,8843000
2025-01-25,2025,1,25,Sabtu,Tidak Libur,Akhir Pekan,8639000
2025-01-26,2025,1,26,Minggu,Libur,Akhir Pekan,2129000
2025-01-27,2025,1,27,Senin,Libur,Hari Kerja,6326000
2025-01-28,2025,1,28,Selasa,Tidak Libur,Hari Kerja,8225000
2025-01-29,2025,1,29,Rabu,Libur,Hari Kerja,4496000
2025-01-30,2025,1,30,Kamis,Tidak Libur,Hari Kerja,9267000
2025-01-31,2025,1,31,Jumat,Tidak Libur,Hari Kerja,9080000
2025-02-01,2025,2,1,Sabtu,Tidak Libur,Akhir Pekan,8402000
2025-02-02,2025,2,2,Minggu,Libur,Akhir Pekan,2210000
2025-02-03,2025,2,3,Senin,Tidak Libur,Hari Kerja,9425000
2025-02-04,2025,2,4,Selasa,Tidak Libur,Hari Kerja,9323000
2025-02-05,2025,2,5,Rabu,Tidak Libur,Hari Kerja,9351000
2025-02-06,2025,2,6,Kamis,Tidak Libur,Hari Kerja,8855000
2025-02-07,2025,2,7,Jumat,Tidak Libur,Hari Kerja,9101000
2025-02-08,2025,2,8,Sabtu,Tidak Libur,Akhir Pekan,8641000
2025-02-09,2025,2,9,Minggu,Libur,Akhir Pekan,2113000
2025-02-10,2025,2,10,Senin,Tidak Libur,Hari Kerja,9356000
2025-02-11,2025,2,11,Selasa,Tidak Libur,Hari Kerja,9377000
2025-02-12,2025,2,12,Rabu,Tidak Libur,Hari Kerja,9017000
2025-02-13,2025,2,13,Kamis,Tidak Libur,Hari Kerja,8930000
2025-02-14,2025,2,14,Jumat,Tidak Libur,Hari Kerja,9148000
2025-02-15,2025,2,15,Sabtu,Tidak Libur,Akhir Pekan,8722000
2025-02-16,2025,2,16,Minggu,Libur,Akhir Pekan,2156000
2025-02-17,2025,2,17,Senin,Tidak Libur,Hari Kerja,8749000
2025-02-18,2025,2,18,Selasa,Tidak Libur,Hari Kerja,9426000
2025-02-19,2025,2,19,Rabu,Tidak Libur,Hari Kerja,9313000
2025-02-20,2025,2,20,Kamis,Tidak Libur,Hari Kerja,9322000
2025-02-21,2025,2,21,Jumat,Tidak Libur,Hari Kerja,8516000
2025-02-22,2025,2,22,Sabtu,Tidak Libur,Akhir Pekan,8651000
2025-02-23,2025,2,23,Minggu,Libur,Akhir Pekan,2260000
2025-02-24,2025,2,24,Senin,Tidak Libur,Hari Kerja,8722000
2025-02-25,2025,2,25,Selasa,Tidak Libur,Hari Kerja,9419000
2025-02-26,2025,2,26,Rabu,Tidak Libur,Hari Kerja,9405000
2025-02-27,2025,2,27,Kamis,Tidak Libur,Hari Kerja,9206000
2025-02-28,2025,2,28,Jumat,Tidak Libur,Hari Kerja,8982000
2025-03-01,2025,3,1,Sabtu,Tidak Libur,Akhir Pekan,6283000
2025-03-02,2025,3,2,Minggu,Libur,Akhir Pekan,1697000
2025-03-03,2025,3,3,Senin,Tidak Libur,Hari Kerja,8176000
2025-03-04,2025,3,4,Selasa,Tidak Libur,Hari Kerja,8566000
2025-03-05,2025,3,5,Rabu,Tidak Libur,Hari Kerja,8663000
2025-03-06,2025,3,6,Kamis,Tidak Libur,Hari Kerja,8681000
2025-03-07,2025,3,7,Jumat,Tidak Libur,Hari Kerja,8417000
2025-03-08,2025,3,8,Sabtu,Tidak Libur,Akhir Pekan,7979000
2025-03-09,2025,3,9,Minggu,Libur,Akhir Pekan,2152000
2025-03-10,2025,3,10,Senin,Tidak Libur,Hari Kerja,8806000
2025-03-11,2025,3,11,Selasa,Tidak Libur,Hari Kerja,8821000
2025-03-12,2025,3,12,Rabu,Tidak Libur,Hari Kerja,8531000
2025-03-13,2025,3,13,Kamis,Tidak Libur,Hari Kerja,8725000
2025-03-14,2025,3,14,Jumat,Tidak Libur,Hari Kerja,8616000
2025-03-15,2025,3,15,Sabtu,Tidak Libur,Akhir Pekan,7685000
2025-03-16,2025,3,16,Minggu,Libur,Akhir Pekan,2184000
2025-03-17,2025,3,17,Senin,Tidak Libur,Hari Kerja,8714000
2025-03-18,2025,3,18,Selasa,Tidak Libur,Hari Kerja,8933000
2025-03-19,2025,3,19,Rabu,Tidak Libur,Hari Kerja,9016000
2025-03-20,2025,3,20,Kamis,Tidak Libur,Hari Kerja,8274000
2025-03-21,2025,3,21,Jumat,Tidak Libur,Hari Kerja,8840000
2025-03-22,2025,3,22,Sabtu,Tidak Libur,Akhir Pekan,8069000
2025-03-23,2025,3,23,Minggu,Libur,Akhir Pekan,2234000
2025-03-24,2025,3,24,Senin,Tidak Libur,Hari Kerja,8986000
2025-03-25,2025,3,25,Selasa,Tidak Libur,Hari Kerja,8843000
2025-03-26,2025,3,26,Rabu,Tidak Libur,Hari Kerja,8645000
2025-03-27,2025,3,27,Kamis,Tidak Libur,Hari Kerja,8240000
2025-03-28,2025,3,28,Jumat,Tidak Libur,Hari Kerja,6972000
2025-03-29,2025,3,29,Sabtu,Libur,Akhir Pekan,5131000
2025-03-30,2025,3,30,Minggu,Libur,Akhir Pekan,1567000
2025-03-31,2025,3,31,Senin,Libur,Hari Kerja,0
2025-04-01,2025,4,1,Selasa,Libur,Hari Kerja,0
2025-04-02,2025,4,2,Rabu,Tidak Libur,Hari Kerja,3363000
2025-04-03,2025,4,3,Kamis,Tidak Libur,Hari Kerja,4650000
2025-04-04,2025,4,4,Jumat,Tidak Libur,Hari Kerja,5746000
2025-04-05,2025,4,5,Sabtu,Tidak Libur,Akhir Pekan,6685000
2025-04-06,2025,4,6,Minggu,Libur,Akhir Pekan,1748000
2025-04-07,2025,4,7,Senin,Tidak Libur,Hari Kerja,8434000
2025-04-08,2025,4,8,Selasa,Tidak Libur,Hari Kerja,9203000
2025-04-09,2025,4,9,Rabu,Tidak Libur,Hari Kerja,9136000
2025-04-10,2025,4,10,Kamis,Tidak Libur,Hari Kerja,9219000
2025-04-11,2025,4,11,Jumat,Tidak Libur,Hari Kerja,8953000
2025-04-12,2025,4,12,Sabtu,Tidak Libur,Akhir Pekan,7736000
2025-04-13,2025,4,13,Minggu,Libur,Akhir Pekan,2231000
2025-04-14,2025,4,14,Senin,Tidak Libur,Hari Kerja,9079000
2025-04-15,2025,4,15,Selasa,Tidak Libur,Hari Kerja,9142000
2025-04-16,2025,4,16,Rabu,Tidak Libur,Hari Kerja,9078000
2025-04-17,2025,4,17,Kamis,Tidak Libur,Hari Kerja,8901000
2025-04-18,2025,4,18,Jumat,Libur,Hari Kerja,5427000
2025-04-19,2025,4,19,Sabtu,Tidak Libur,Akhir Pekan,8450000
2025-04-20,2025,4,20,Minggu,Libur,Akhir Pekan,2221000
2025-04-21,2025,4,21,Senin,Tidak Libur,Hari Kerja,8599000
2025-04-22,2025,4,22,Selasa,Tidak Libur,Hari Kerja,9126000
2025-04-23,2025,4,23,Rabu,Tidak Libur,Hari Kerja,8924000
2025-04-24,2025,4,24,Kamis,Tidak Libur,Hari Kerja,9163000
2025-04-25,2025,4,25,Jumat,Tidak Libur,Hari Kerja,8638000
2025-04-26,2025,4,26,Sabtu,Tidak Libur,Akhir Pekan,8526000
2025-04-27,2025,4,27,Minggu,Libur,Akhir Pekan,2135000
2025-04-28,2025,4,28,Senin,Tidak Libur,Hari Kerja,9147000
2025-04-29,2025,4,29,Selasa,Tidak Libur,Hari Kerja,9196000
2025-04-30,2025,4,30,Rabu,Tidak Libur,Hari Kerja,9003000
2025-05-01,2025,5,1,Kamis,Libur,Hari Kerja,6181000
2025-05-02,2025,5,2,Jumat,Tidak Libur,Hari Kerja,9008000
2025-05-03,2025,5,3,Sabtu,Tidak Libur,Akhir Pekan,8603000
2025-05-04,2025,5,4,Minggu,Libur,Akhir Pekan,2148000
2025-05-05,2025,5,5,Senin,Tidak Libur,Hari Kerja,9074000
2025-05-06,2025,5,6,Selasa,Tidak Libur,Hari Kerja,9122000
2025-05-07,2025,5,7,Rabu,Tidak Libur,Hari Kerja,9064000
2025-05-08,2025,5,8,Kamis,Tidak Libur,Hari Kerja,9041000
2025-05-09,2025,5,9,Jumat,Tidak Libur,Hari Kerja,8562000
2025-05-10,2025,5,10,Sabtu,Tidak Libur,Akhir Pekan,8378000
2025-05-11,2025,5,11,Minggu,Libur,Akhir Pekan,2192000
2025-05-12,2025,5,12,Senin,Libur,Hari Kerja,5862000
2025-05-13,2025,5,13,Selasa,Tidak Libur,Hari Kerja,8200000
2025-05-14,2025,5,14,Rabu,Tidak Libur,Hari Kerja,9131000
2025-05-15,2025,5,15,Kamis,Tidak Libur,Hari Kerja,8975000
2025-05-16,2025,5,16,Jumat,Tidak Libur,Hari Kerja,8634000
2025-05-17,2025,5,17,Sabtu,Tidak Libur,Akhir Pekan,7961000
2025-05-18,2025,5,18,Minggu,Libur,Akhir Pekan,2185000
2025-05-19,2025,5,19,Senin,Tidak Libur,Hari Kerja,8707000
2025-05-20,2025,5,20,Selasa,Tidak Libur,Hari Kerja,9154000
2025-05-21,2025,5,21,Rabu,Tidak Libur,Hari Kerja,8788000
2025-05-22,2025,5,22,Kamis,Tidak Libur,Hari Kerja,8885000
2025-05-23,2025,5,23,Jumat,Tidak Libur,Hari Kerja,8419000
2025-05-24,2025,5,24,Sabtu,Tidak Libur,Akhir Pekan,8444000
2025-05-25,2025,5,25,Minggu,Libur,Akhir Pekan,2124000
2025-05-26,2025,5,26,Senin,Tidak Libur,Hari Kerja,9036000
2025-05-27,2025,5,27,Selasa,Tidak Libur,Hari Kerja,8871000
2025-05-28,2025,5,28,Rabu,Tidak Libur,Hari Kerja,8981000
2025-05-29,2025,5,29,Kamis,Libur,Hari Kerja,5791000
2025-05-30,2025,5,30,Jumat,Tidak Libur,Hari Kerja,8183000
2025-05-31,2025,5,31,Sabtu,Tidak Libur,Akhir Pekan,8247000
2025-06-01,2025,6,1,Minggu,Libur,Akhir Pekan,2116000
2025-06-02,2025,6,2,Senin,Tidak Libur,Hari Kerja,9151000
2025-06-03,2025,6,3,Selasa,Tidak Libur,Hari Kerja,8941000
2025-06-04,2025,6,4,Rabu,Tidak Libur,Hari Kerja,9124000
2025-06-05,2025,6,5,Kamis,Tidak Libur,Hari Kerja,8630000
2025-06-06,2025,6,6,Jumat,Libur,Hari Kerja,0
2025-06-07,2025,6,7,Sabtu,Tidak Libur,Akhir Pekan,6487000
2025-06-08,2025,6,8,Minggu,Libur,Akhir Pekan,2069000
2025-06-09,2025,6,9,Senin,Tidak Libur,Hari Kerja,8559000
2025-06-10,2025,6,10,Selasa,Tidak Libur,Hari Kerja,9161000
2025-06-11,2025,6,11,Rabu,Tidak Libur,Hari Kerja,9152000
2025-06-12,2025,6,12,Kamis,Tidak Libur,Hari Kerja,9307000
2025-06-13,2025,6,13,Jumat,Tidak Libur,Hari Kerja,9291000
2025-06-14,2025,6,14,Sabtu,Tidak Libur,Akhir Pekan,8803000
2025-06-15,2025,6,15,Minggu,Libur,Akhir Pekan,2281000
2025-06-16,2025,6,16,Senin,Tidak Libur,Hari Kerja,9719000
2025-06-17,2025,6,17,Selasa,Tidak Libur,Hari Kerja,9765000
2025-06-18,2025,6,18,Rabu,Tidak Libur,Hari Kerja,9900000
2025-06-19,2025,6,19,Kamis,Tidak Libur,Hari Kerja,9947000
2025-06-20,2025,6,20,Jumat,Tidak Libur,Hari Kerja,9866000
2025-06-21,2025,6,21,Sabtu,Tidak Libur,Akhir Pekan,9482000
2025-06-22,2025,6,22,Minggu,Libur,Akhir Pekan,2328000
2025-06-23,2025,6,23,Senin,Tidak Libur,Hari Kerja,10056000
2025-06-24,2025,6,24,Selasa,Tidak Libur,Hari Kerja,10072000
2025-06-25,2025,6,25,Rabu,Tidak Libur,Hari Kerja,10057000
2025-06-26,2025,6,26,Kamis,Tidak Libur,Hari Kerja,9795000
2025-06-27,2025,6,27,Jumat,Libur,Hari Kerja,6452000
2025-06-28,2025,6,28,Sabtu,Tidak Libur,Akhir Pekan,9363000
2025-06-29,2025,6,29,Minggu,Libur,Akhir Pekan,2378000
2025-06-30,2025,6,30,Senin,Tidak Libur,Hari Kerja,10131000
2025-07-01,2025,7,1,Selasa,Tidak Libur,Hari Kerja,10262000
2025-07-02,2025,7,2,Rabu,Tidak Libur,Hari Kerja,10350000
2025-07-03,2025,7,3,Kamis,Tidak Libur,Hari Kerja,10267000
2025-07-04,2025,7,4,Jumat,Tidak Libur,Hari Kerja,10010000
2025-07-05,2025,7,5,Sabtu,Tidak Libur,Akhir Pekan,9624000
2025-07-06,2025,7,6,Minggu,Libur,Akhir Pekan,2828000
2025-07-07,2025,7,7,Senin,Tidak Libur,Hari Kerja,10312000
2025-07-08,2025,7,8,Selasa,Tidak Libur,Hari Kerja,10462000
2025-07-09,2025,7,9,Rabu,Tidak Libur,Hari Kerja,9804000
2025-07-10,2025,7,10,Kamis,Tidak Libur,Hari Kerja,10676000
2025-07-11,2025,7,11,Jumat,Tidak Libur,Hari Kerja,10700000
2025-07-12,2025,7,12,Sabtu,Tidak Libur,Akhir Pekan,10155000
2025-07-13,2025,7,13,Minggu,Libur,Akhir Pekan,3252000
2025-07-14,2025,7,14,Senin,Tidak Libur,Hari Kerja,10525000
2025-07-15,2025,7,15,Selasa,Tidak Libur,Hari Kerja,10528000
2025-07-16,2025,7,16,Rabu,Tidak Libur,Hari Kerja,10567000
2025-07-17,2025,7,17,Kamis,Tidak Libur,Hari Kerja,10531000
2025-07-18,2025,7,18,Jumat,Tidak Libur,Hari Kerja,10463000
2025-07-19,2025,7,19,Sabtu,Tidak Libur,Akhir Pekan,10151000
2025-07-20,2025,7,20,Minggu,Libur,Akhir Pekan,2867000